test_case_id,node_id,true_label,injection_type,edad_raw_score
0,SB-003,1,spike,1.1118182
1,SB-013,1,dropout,0.60685927
2,SB-017,1,drift,1.5842535
3,SB-017,1,multi_spike,1.2770034
4,SB-006,1,spike,1.0441277
5,SB-007,1,dropout,0.5017819
6,SB-009,1,drift,0.5512692
7,SB-015,1,multi_spike,1.6436154
8,SB-008,1,spike,1.1445777
9,SB-018,1,dropout,0.659673
10,SB-002,1,drift,1.7085311
11,SB-014,1,multi_spike,1.4084017
12,SB-013,1,spike,1.430434
13,SB-003,1,dropout,0.2965554
14,SB-006,1,drift,0.5536524
15,SB-008,1,multi_spike,0.82845855
16,SB-007,1,spike,0.45995548
17,SB-006,1,dropout,0.5118121
18,SB-007,1,drift,2.1384292
19,SB-005,1,multi_spike,1.0621178
20,SB-006,1,spike,1.1544875
21,SB-010,1,dropout,0.5152508
22,SB-003,1,drift,0.8061587
23,SB-012,1,multi_spike,2.1088107
24,SB-020,1,spike,0.81984687
25,SB-020,1,dropout,0.6901752
26,SB-019,1,drift,0.82753175
27,SB-014,1,multi_spike,1.9541487
28,SB-001,1,spike,0.6563513
29,SB-012,1,dropout,0.4861185
30,SB-004,1,drift,0.62424517
31,SB-001,1,multi_spike,1.192093
32,SB-006,1,spike,0.7462934
33,SB-016,1,dropout,0.49171662
34,SB-010,1,drift,0.73118955
35,SB-002,1,multi_spike,1.2392367
36,SB-013,1,spike,1.3135833
37,SB-019,1,dropout,0.68401515
38,SB-005,1,drift,0.7039067
39,SB-019,1,multi_spike,2.9660516
40,SB-012,1,spike,1.0500854
41,SB-015,1,dropout,0.74740463
42,SB-020,1,drift,0.68836373
43,SB-007,1,multi_spike,2.0805275
44,SB-003,1,spike,1.6702756
45,SB-004,1,dropout,0.57051903
46,SB-017,1,drift,0.78241384
47,SB-017,1,multi_spike,1.0552948
48,SB-010,1,spike,0.77908194
49,SB-019,1,dropout,0.738297
50,SB-006,1,drift,0.8538484
51,SB-010,1,multi_spike,1.4186367
52,SB-007,1,spike,0.8125205
53,SB-008,1,dropout,0.62659264
54,SB-016,1,drift,1.5484335
55,SB-001,1,multi_spike,1.1615738
56,SB-004,1,spike,0.7495874
57,SB-009,1,dropout,0.5376777
58,SB-001,1,drift,0.83111
59,SB-011,1,multi_spike,2.520232
60,SB-011,1,spike,0.6117145
61,SB-017,1,dropout,0.65805197
62,SB-016,1,drift,0.9290051
63,SB-018,1,multi_spike,1.5353003
64,SB-019,1,spike,1.0620105
65,SB-010,1,dropout,0.6169224
66,SB-011,1,drift,0.6153014
67,SB-002,1,multi_spike,1.4856042
68,SB-014,1,spike,0.8584021
69,SB-005,1,dropout,0.5638113
70,SB-018,1,drift,0.90926105
71,SB-020,1,multi_spike,1.4335293
72,SB-001,1,spike,0.7786187
73,SB-004,1,dropout,0.27078393
74,SB-016,1,drift,1.6249583
75,SB-006,1,multi_spike,2.5317535
76,SB-010,1,spike,0.93284374
77,SB-010,1,dropout,0.56859004
78,SB-017,1,drift,1.1344677
79,SB-011,1,multi_spike,1.6356971
80,SB-012,1,spike,1.3902359
81,SB-009,1,dropout,0.4664339
82,SB-017,1,drift,0.36831874
83,SB-015,1,multi_spike,1.3581977
84,SB-006,1,spike,1.1893363
85,SB-005,1,dropout,0.6445252
86,SB-011,1,drift,1.2480668
87,SB-005,1,multi_spike,0.9826461
88,SB-007,1,spike,1.5799782
89,SB-009,1,dropout,0.5028557
90,SB-008,1,drift,2.2217817
91,SB-015,1,multi_spike,0.91243404
92,SB-016,1,spike,0.8271305
93,SB-002,1,dropout,0.48293626
94,SB-002,1,drift,1.4124367
95,SB-008,1,multi_spike,1.9166954
96,SB-002,1,spike,2.7673595
97,SB-002,1,dropout,0.6693671
98,SB-012,1,drift,0.97555125
99,SB-012,1,multi_spike,1.3526053
100,SB-019,1,spike,1.0579658
101,SB-001,1,dropout,0.53596735
102,SB-016,1,drift,0.88848335
103,SB-017,1,multi_spike,1.6564897
104,SB-001,1,spike,1.4302089
105,SB-011,1,dropout,0.46702263
106,SB-004,1,drift,0.70149255
107,SB-013,1,multi_spike,1.1544715
108,SB-001,1,spike,1.1487781
109,SB-009,1,dropout,0.52623117
110,SB-019,1,drift,0.80695444
111,SB-019,1,multi_spike,0.8937881
112,SB-004,1,spike,2.1360085
113,SB-010,1,dropout,0.4919175
114,SB-005,1,drift,1.7304407
115,SB-001,1,multi_spike,1.2266672
116,SB-002,1,spike,0.6898569
117,SB-019,1,dropout,0.6777342
118,SB-019,1,drift,1.0433526
119,SB-014,1,multi_spike,1.6333635
120,SB-004,1,spike,0.9518672
121,SB-014,1,dropout,0.46089846
122,SB-019,1,drift,0.8798305
123,SB-007,1,multi_spike,0.8997022
124,SB-011,1,spike,1.2951552
125,SB-012,1,dropout,0.5084459
126,SB-011,1,drift,0.93426245
127,SB-004,1,multi_spike,1.1574162
128,SB-010,1,spike,0.9230802
129,SB-018,1,dropout,0.6614574
130,SB-009,1,drift,1.1053913
131,SB-007,1,multi_spike,2.0378056
132,SB-010,1,spike,0.94556767
133,SB-005,1,dropout,0.4737494
134,SB-020,1,drift,1.9571633
135,SB-008,1,multi_spike,1.3929577
136,SB-002,1,spike,0.9550529
137,SB-008,1,dropout,0.44212088
138,SB-013,1,drift,0.6279925
139,SB-019,1,multi_spike,1.7255807
140,SB-013,1,spike,1.5011543
141,SB-002,1,dropout,0.62293553
142,SB-002,1,drift,1.0197951
143,SB-017,1,multi_spike,1.1999252
144,SB-006,1,spike,0.6262317
145,SB-007,1,dropout,0.74081045
146,SB-005,1,drift,0.7436937
147,SB-007,1,multi_spike,1.56031
148,SB-002,1,spike,1.5180485
149,SB-016,1,dropout,0.7144461
150,SB-010,1,drift,1.2499876
151,SB-011,1,multi_spike,1.5601633
152,SB-008,1,spike,0.95515233
153,SB-012,1,dropout,0.6107697
154,SB-005,1,drift,1.2297808
155,SB-012,1,multi_spike,1.1992741
156,SB-004,1,spike,0.77996504
157,SB-010,1,dropout,0.52013236
158,SB-011,1,drift,0.8738699
159,SB-018,1,multi_spike,1.3562539
160,SB-020,1,spike,3.4320505
161,SB-003,1,dropout,0.52400666
162,SB-006,1,drift,1.3646407
163,SB-017,1,multi_spike,1.4120593
164,SB-012,1,spike,1.4125957
165,SB-011,1,dropout,0.6427626
166,SB-013,1,drift,1.0169427
167,SB-016,1,multi_spike,0.7908174
168,SB-013,1,spike,0.8784806
169,SB-010,1,dropout,0.5536096
170,SB-007,1,drift,0.5713537
171,SB-011,1,multi_spike,2.0999687
172,SB-006,1,spike,0.7281402
173,SB-014,1,dropout,0.63402486
174,SB-003,1,drift,0.86132836
175,SB-006,1,multi_spike,1.3556657
176,SB-012,1,spike,0.94910485
177,SB-014,1,dropout,0.41662756
178,SB-008,1,drift,0.96521175
179,SB-003,1,multi_spike,1.0488338
180,SB-002,1,spike,1.3718687
181,SB-016,1,dropout,0.50732523
182,SB-006,1,drift,0.9713012
183,SB-017,1,multi_spike,1.722363
184,SB-011,1,spike,1.3687775
185,SB-019,1,dropout,0.52512854
186,SB-006,1,drift,1.2003508
187,SB-010,1,multi_spike,1.8463156
188,SB-013,1,spike,0.8382914
189,SB-020,1,dropout,0.525383
190,SB-008,1,drift,0.8110101
191,SB-018,1,multi_spike,0.960704
192,SB-013,1,spike,1.3497133
193,SB-010,1,dropout,0.7292367
194,SB-013,1,drift,0.6179188
195,SB-008,1,multi_spike,0.91263413
196,SB-012,1,spike,0.6853759
197,SB-015,1,dropout,0.38227743
198,SB-020,1,drift,2.6497266
199,SB-006,1,multi_spike,1.6653471
200,SB-017,1,spike,1.9216114
201,SB-019,1,dropout,0.8846678
202,SB-003,1,drift,1.1471823
203,SB-010,1,multi_spike,1.8433361
204,SB-007,1,spike,2.6177347
205,SB-009,1,dropout,0.560619
206,SB-013,1,drift,1.0274047
207,SB-011,1,multi_spike,2.0250893
208,SB-019,1,spike,1.0144439
209,SB-006,1,dropout,0.51908696
210,SB-003,1,drift,0.8808323
211,SB-012,1,multi_spike,1.0206208
212,SB-008,1,spike,1.2396573
213,SB-003,1,dropout,0.3926621
214,SB-014,1,drift,0.70550793
215,SB-001,1,multi_spike,2.5996735
216,SB-006,1,spike,0.65281475
217,SB-006,1,dropout,0.56885135
218,SB-013,1,drift,0.60977924
219,SB-012,1,multi_spike,2.3487067
220,SB-009,1,spike,0.76913023
221,SB-007,1,dropout,0.5058887
222,SB-015,1,drift,1.2223406
223,SB-016,1,multi_spike,1.5016392
224,SB-001,1,spike,2.367858
225,SB-011,1,dropout,0.5859621
226,SB-001,1,drift,1.7974284
227,SB-003,1,multi_spike,1.6198889
228,SB-010,1,spike,1.1188003
229,SB-011,1,dropout,0.6549071
230,SB-008,1,drift,0.61672455
231,SB-008,1,multi_spike,1.4292814
232,SB-009,1,spike,0.8914115
233,SB-010,1,dropout,0.5048012
234,SB-014,1,drift,0.8802071
235,SB-010,1,multi_spike,1.4327458
236,SB-017,1,spike,0.8407253
237,SB-008,1,dropout,0.7418005
238,SB-020,1,drift,0.90978813
239,SB-015,1,multi_spike,1.4195982
240,SB-007,1,spike,0.5771723
241,SB-005,1,dropout,0.67934704
242,SB-015,1,drift,1.4128175
243,SB-006,1,multi_spike,1.7330866
244,SB-003,1,spike,0.62893164
245,SB-019,1,dropout,0.71122056
246,SB-020,1,drift,0.46381178
247,SB-010,1,multi_spike,1.0845886
248,SB-003,1,spike,0.99379313
249,SB-012,1,dropout,0.71133065
250,SB-004,1,drift,0.35430565
251,SB-003,1,multi_spike,1.1655617
252,SB-002,1,spike,1.6158715
253,SB-004,1,dropout,0.45871046
254,SB-002,1,drift,0.9489883
255,SB-004,1,multi_spike,1.0441285
256,SB-006,1,spike,0.7678749
257,SB-009,1,dropout,0.3828093
258,SB-009,1,drift,0.8674662
259,SB-018,1,multi_spike,1.528235
260,SB-006,1,spike,0.96803504
261,SB-004,1,dropout,0.4673137
262,SB-009,1,drift,0.4862018
263,SB-004,1,multi_spike,0.80027044
264,SB-020,1,spike,1.2208428
265,SB-001,1,dropout,0.49123275
266,SB-008,1,drift,1.0048923
267,SB-018,1,multi_spike,1.0713986
268,SB-020,1,spike,0.9588639
269,SB-004,1,dropout,0.43927282
270,SB-004,1,drift,0.6532065
271,SB-011,1,multi_spike,2.4168367
272,SB-017,1,spike,0.91688585
273,SB-001,1,dropout,0.8612728
274,SB-017,1,drift,2.8179855
275,SB-016,1,multi_spike,1.5802681
276,SB-001,1,spike,0.7775972
277,SB-017,1,dropout,0.466449
278,SB-014,1,drift,1.0694655
279,SB-002,1,multi_spike,0.994277
280,SB-004,1,spike,1.4641111
281,SB-008,1,dropout,0.5760616
282,SB-005,1,drift,1.3607489
283,SB-008,1,multi_spike,2.1401098
284,SB-003,1,spike,0.6773342
285,SB-011,1,dropout,0.64474696
286,SB-004,1,drift,1.4070003
287,SB-015,1,multi_spike,1.3463053
288,SB-004,1,spike,2.6114438
289,SB-004,1,dropout,0.38472566
290,SB-005,1,drift,0.7065526
291,SB-013,1,multi_spike,0.84895706
292,SB-008,1,spike,0.9933888
293,SB-020,1,dropout,0.509232
294,SB-005,1,drift,0.7754145
295,SB-019,1,multi_spike,1.0724638
296,SB-008,1,spike,0.79051834
297,SB-008,1,dropout,0.69497484
298,SB-012,1,drift,0.69350314
299,SB-010,1,multi_spike,1.2951093
300,SB-007,1,spike,1.7589606
301,SB-016,1,dropout,0.70135075
302,SB-016,1,drift,0.87336344
303,SB-009,1,multi_spike,1.2034289
304,SB-020,1,spike,0.7796356
305,SB-004,1,dropout,0.4260618
306,SB-001,1,drift,1.6837865
307,SB-015,1,multi_spike,1.4596456
308,SB-007,1,spike,0.70952034
309,SB-005,1,dropout,0.54500985
310,SB-010,1,drift,0.7767223
311,SB-017,1,multi_spike,0.9497477
312,SB-011,1,spike,0.6522795
313,SB-002,1,dropout,0.7985045
314,SB-019,1,drift,1.084412
315,SB-010,1,multi_spike,0.6869746
316,SB-012,1,spike,0.71908075
317,SB-011,1,dropout,0.3614429
318,SB-006,1,drift,2.543125
319,SB-011,1,multi_spike,1.6857176
320,SB-018,1,spike,1.2056509
321,SB-004,1,dropout,0.690815
322,SB-002,1,drift,1.1667634
323,SB-005,1,multi_spike,1.3725737
324,SB-012,1,spike,1.8561317
325,SB-011,1,dropout,0.3663951
326,SB-002,1,drift,1.3245876
327,SB-008,1,multi_spike,1.1758605
328,SB-018,1,spike,0.97590125
329,SB-010,1,dropout,0.6063222
330,SB-005,1,drift,0.5189446
331,SB-014,1,multi_spike,1.6755574
332,SB-009,1,spike,1.4696053
333,SB-011,1,dropout,0.513223
334,SB-003,1,drift,0.602786
335,SB-005,1,multi_spike,1.050219
336,SB-014,1,spike,0.85258245
337,SB-012,1,dropout,0.45978567
338,SB-002,1,drift,1.1565787
339,SB-016,1,multi_spike,0.7618828
340,SB-017,1,spike,0.7340569
341,SB-018,1,dropout,0.53761137
342,SB-006,1,drift,0.6264841
343,SB-002,1,multi_spike,1.6114758
344,SB-002,1,spike,0.66915786
345,SB-018,1,dropout,0.5903624
346,SB-010,1,drift,0.7624103
347,SB-010,1,multi_spike,1.6039877
348,SB-001,1,spike,1.6609457
349,SB-012,1,dropout,0.42901322
350,SB-003,1,drift,2.3226552
351,SB-008,1,multi_spike,1.8571612
352,SB-020,1,spike,0.9560339
353,SB-014,1,dropout,0.4817428
354,SB-017,1,drift,2.136489
355,SB-003,1,multi_spike,2.3709288
356,SB-003,1,spike,1.8116193
357,SB-016,1,dropout,0.49574926
358,SB-013,1,drift,1.3606118
359,SB-016,1,multi_spike,1.4800061
360,SB-019,1,spike,0.7447512
361,SB-013,1,dropout,0.555672
362,SB-016,1,drift,0.86352956
363,SB-003,1,multi_spike,1.2633595
364,SB-007,1,spike,0.9802068
365,SB-016,1,dropout,0.62997097
366,SB-002,1,drift,0.88620454
367,SB-009,1,multi_spike,1.5607203
368,SB-006,1,spike,0.90900505
369,SB-009,1,dropout,0.36106732
370,SB-019,1,drift,0.5376587
371,SB-012,1,multi_spike,0.933334
372,SB-005,1,spike,1.1558316
373,SB-002,1,dropout,0.60723823
374,SB-001,1,drift,0.6594215
375,SB-020,1,multi_spike,2.716179
376,SB-009,1,spike,0.8514727
377,SB-016,1,dropout,0.80375123
378,SB-007,1,drift,0.91801554
379,SB-014,1,multi_spike,1.508266
380,SB-019,1,spike,2.8365798
381,SB-005,1,dropout,0.3467278
382,SB-002,1,drift,0.8288356
383,SB-018,1,multi_spike,1.5326934
384,SB-018,1,spike,0.8713692
385,SB-016,1,dropout,0.67761487
386,SB-007,1,drift,1.1860796
387,SB-003,1,multi_spike,1.7795119
388,SB-012,1,spike,0.8512432
389,SB-012,1,dropout,0.38080668
390,SB-005,1,drift,1.019974
391,SB-015,1,multi_spike,1.6188328
392,SB-008,1,spike,1.3399209
393,SB-013,1,dropout,0.5647232
394,SB-008,1,drift,2.491941
395,SB-011,1,multi_spike,1.5548671
396,SB-009,1,spike,0.9741435
397,SB-012,1,dropout,0.3362719
398,SB-007,1,drift,0.5324158
399,SB-005,1,multi_spike,1.5279962
400,SB-007,1,spike,1.6109122
401,SB-017,1,dropout,0.73873836
402,SB-004,1,drift,1.2143195
403,SB-003,1,multi_spike,1.3338995
404,SB-020,1,spike,3.4805934
405,SB-002,1,dropout,0.6612595
406,SB-007,1,drift,1.352959
407,SB-018,1,multi_spike,1.1111921
408,SB-011,1,spike,1.0465075
409,SB-002,1,dropout,0.5670698
410,SB-020,1,drift,0.6974705
411,SB-020,1,multi_spike,1.2606311
412,SB-007,1,spike,2.715984
413,SB-010,1,dropout,0.61919147
414,SB-008,1,drift,0.50838447
415,SB-003,1,multi_spike,1.1888142
416,SB-019,1,spike,1.069496
417,SB-015,1,dropout,0.54422
418,SB-017,1,drift,0.6856474
419,SB-005,1,multi_spike,2.1787357
420,SB-007,1,spike,1.1456679
421,SB-003,1,dropout,0.56952125
422,SB-014,1,drift,0.74902517
423,SB-009,1,multi_spike,1.6658165
424,SB-013,1,spike,1.4670715
425,SB-004,1,dropout,0.3437071
426,SB-001,1,drift,0.7204283
427,SB-003,1,multi_spike,1.4153694
428,SB-009,1,spike,1.636463
429,SB-005,1,dropout,0.6757806
430,SB-016,1,drift,1.0067707
431,SB-005,1,multi_spike,0.9972441
432,SB-012,1,spike,1.5870262
433,SB-009,1,dropout,0.6445138
434,SB-002,1,drift,1.4164915
435,SB-008,1,multi_spike,1.3824984
436,SB-018,1,spike,1.2887397
437,SB-017,1,dropout,0.49738076
438,SB-013,1,drift,0.96283764
439,SB-003,1,multi_spike,1.3662084
440,SB-007,1,spike,1.1555297
441,SB-002,1,dropout,0.60579526
442,SB-014,1,drift,0.7504189
443,SB-015,1,multi_spike,0.9641261
444,SB-017,1,spike,0.56357926
445,SB-015,1,dropout,0.5549324
446,SB-019,1,drift,0.63498855
447,SB-016,1,multi_spike,2.4349234
448,SB-010,1,spike,0.8718849
449,SB-015,1,dropout,0.73067176
450,SB-018,1,drift,0.85782063
451,SB-004,1,multi_spike,1.7082843
452,SB-005,1,spike,2.4971728
453,SB-019,1,dropout,0.6249493
454,SB-020,1,drift,1.5258393
455,SB-008,1,multi_spike,1.1422911
456,SB-013,1,spike,1.0260643
457,SB-010,1,dropout,0.6243142
458,SB-014,1,drift,1.5367415
459,SB-012,1,multi_spike,1.4175891
460,SB-005,1,spike,0.7937034
461,SB-011,1,dropout,0.5172063
462,SB-008,1,drift,0.7071969
463,SB-018,1,multi_spike,2.0265334
464,SB-016,1,spike,0.84460664
465,SB-016,1,dropout,0.44772705
466,SB-005,1,drift,2.317748
467,SB-020,1,multi_spike,1.8000494
468,SB-009,1,spike,0.8883729
469,SB-006,1,dropout,0.6514095
470,SB-006,1,drift,1.0778245
471,SB-004,1,multi_spike,2.440411
472,SB-008,1,spike,1.3396648
473,SB-005,1,dropout,0.46051636
474,SB-009,1,drift,1.0657529
475,SB-006,1,multi_spike,1.5383636
476,SB-014,1,spike,0.91791207
477,SB-017,1,dropout,0.71181154
478,SB-002,1,drift,0.6781294
479,SB-011,1,multi_spike,2.474435
480,SB-005,1,spike,0.84300673
481,SB-006,1,dropout,0.69628024
482,SB-019,1,drift,0.8180076
483,SB-016,1,multi_spike,1.4109339
484,SB-013,1,spike,0.9732081
485,SB-004,1,dropout,0.8434846
486,SB-016,1,drift,0.82914096
487,SB-007,1,multi_spike,1.1283453
488,SB-012,1,spike,1.3781798
489,SB-012,1,dropout,0.43035388
490,SB-019,1,drift,0.7402897
491,SB-020,1,multi_spike,1.5505651
492,SB-012,1,spike,1.6976889
493,SB-002,1,dropout,0.6958427
494,SB-014,1,drift,0.8317754
495,SB-014,1,multi_spike,1.3480269
496,SB-009,1,spike,1.0590246
497,SB-013,1,dropout,0.51530266
498,SB-004,1,drift,1.1928197
499,SB-018,1,multi_spike,1.3463858
500,SB-016,1,spike,1.6596817
501,SB-012,1,dropout,0.80945224
502,SB-002,1,drift,0.7622203
503,SB-013,1,multi_spike,2.0390763
504,SB-005,1,spike,2.0521328
505,SB-017,1,dropout,0.4939744
506,SB-013,1,drift,0.7709198
507,SB-004,1,multi_spike,2.2811723
508,SB-013,1,spike,0.6988242
509,SB-018,1,dropout,0.5973063
510,SB-007,1,drift,1.5631459
511,SB-006,1,multi_spike,0.8282292
512,SB-017,1,spike,2.153983
513,SB-016,1,dropout,0.39324975
514,SB-013,1,drift,0.49064222
515,SB-007,1,multi_spike,0.6869053
516,SB-001,1,spike,0.8623615
517,SB-001,1,dropout,0.5532618
518,SB-013,1,drift,0.8406861
519,SB-012,1,multi_spike,0.7424935
520,SB-017,1,spike,2.0273426
521,SB-017,1,dropout,0.55467266
522,SB-014,1,drift,0.7917832
523,SB-016,1,multi_spike,1.1890807
524,SB-003,1,spike,0.7984383
525,SB-020,1,dropout,0.6651597
526,SB-017,1,drift,0.50527316
527,SB-017,1,multi_spike,1.6514434
528,SB-011,1,spike,0.79874897
529,SB-009,1,dropout,0.38927898
530,SB-001,1,drift,1.3872609
531,SB-013,1,multi_spike,1.5022902
532,SB-001,1,spike,1.5549638
533,SB-014,1,dropout,0.620171
534,SB-009,1,drift,1.1679759
535,SB-002,1,multi_spike,1.9773415
536,SB-015,1,spike,1.4150207
537,SB-015,1,dropout,0.39092225
538,SB-009,1,drift,0.9447664
539,SB-008,1,multi_spike,2.245826
540,SB-001,1,spike,0.85797095
541,SB-017,1,dropout,0.7080803
542,SB-002,1,drift,0.8238879
543,SB-020,1,multi_spike,1.2587523
544,SB-018,1,spike,1.7295706
545,SB-012,1,dropout,0.596146
546,SB-013,1,drift,0.43463218
547,SB-014,1,multi_spike,0.6383799
548,SB-002,1,spike,1.2463353
549,SB-013,1,dropout,0.41925946
550,SB-015,1,drift,2.3294396
551,SB-015,1,multi_spike,0.94582546
552,SB-007,1,spike,1.1497529
553,SB-014,1,dropout,0.42351913
554,SB-002,1,drift,2.476853
555,SB-017,1,multi_spike,1.4042248
556,SB-014,1,spike,1.2297689
557,SB-016,1,dropout,0.7729178
558,SB-011,1,drift,2.546778
559,SB-017,1,multi_spike,1.5957782
560,SB-010,1,spike,1.6025871
561,SB-001,1,dropout,0.31789327
562,SB-013,1,drift,0.60173947
563,SB-013,1,multi_spike,1.1977128
564,SB-019,1,spike,1.6236236
565,SB-014,1,dropout,0.44554952
566,SB-020,1,drift,0.6752507
567,SB-009,1,multi_spike,1.4392748
568,SB-011,1,spike,1.1906265
569,SB-008,1,dropout,0.6119806
570,SB-017,1,drift,1.0751876
571,SB-016,1,multi_spike,1.5798124
572,SB-014,1,spike,0.9906171
573,SB-004,1,dropout,0.53264296
574,SB-008,1,drift,0.6422147
575,SB-019,1,multi_spike,1.7942988
576,SB-002,1,spike,3.0332673
577,SB-004,1,dropout,0.48161483
578,SB-009,1,drift,1.0035359
579,SB-013,1,multi_spike,2.232824
580,SB-005,1,spike,1.0316432
581,SB-019,1,dropout,0.37960434
582,SB-017,1,drift,0.8723447
583,SB-006,1,multi_spike,1.3040355
584,SB-002,1,spike,1.3321742
585,SB-008,1,dropout,0.53634375
586,SB-002,1,drift,1.3975899
587,SB-017,1,multi_spike,1.9493467
588,SB-020,1,spike,0.9533146
589,SB-004,1,dropout,0.5618782
590,SB-009,1,drift,0.9346839
591,SB-007,1,multi_spike,1.9870672
592,SB-009,1,spike,1.0686457
593,SB-002,1,dropout,0.65979576
594,SB-015,1,drift,1.297417
595,SB-005,1,multi_spike,3.3965774
596,SB-003,1,spike,0.59565383
597,SB-004,1,dropout,0.72403556
598,SB-011,1,drift,1.5914395
599,SB-015,1,multi_spike,1.1531004
600,SB-004,1,spike,0.8856019
601,SB-005,1,dropout,0.37639928
602,SB-004,1,drift,0.74736196
603,SB-013,1,multi_spike,1.2402786
604,SB-001,1,spike,1.3905882
605,SB-007,1,dropout,0.57935727
606,SB-015,1,drift,1.2409743
607,SB-014,1,multi_spike,0.9685927
608,SB-008,1,spike,0.73114765
609,SB-009,1,dropout,0.61288697
610,SB-003,1,drift,1.2583538
611,SB-014,1,multi_spike,1.1932069
612,SB-019,1,spike,1.1534504
613,SB-018,1,dropout,0.52273697
614,SB-006,1,drift,0.4224095
615,SB-017,1,multi_spike,1.1971588
616,SB-006,1,spike,0.6595865
617,SB-006,1,dropout,0.42755884
618,SB-018,1,drift,1.5844322
619,SB-011,1,multi_spike,1.8594992
620,SB-013,1,spike,1.4578015
621,SB-020,1,dropout,0.5564938
622,SB-003,1,drift,1.1215101
623,SB-013,1,multi_spike,1.6116819
624,SB-011,1,spike,1.5015128
625,SB-004,1,dropout,0.5415586
626,SB-010,1,drift,2.958656
627,SB-016,1,multi_spike,1.1790726
628,SB-014,1,spike,1.2597619
629,SB-011,1,dropout,0.3518472
630,SB-017,1,drift,0.5855214
631,SB-008,1,multi_spike,3.092561
632,SB-019,1,spike,0.8046828
633,SB-007,1,dropout,0.5543269
634,SB-005,1,drift,1.6553198
635,SB-001,1,multi_spike,1.5090113
636,SB-003,1,spike,1.1512536
637,SB-002,1,dropout,0.58815944
638,SB-018,1,drift,1.1888185
639,SB-018,1,multi_spike,1.187048
640,SB-017,1,spike,1.132134
641,SB-005,1,dropout,0.6467353
642,SB-006,1,drift,0.45161885
643,SB-002,1,multi_spike,0.89652634
644,SB-005,1,spike,1.2936507
645,SB-020,1,dropout,0.56632954
646,SB-007,1,drift,0.85178167
647,SB-009,1,multi_spike,1.2042114
648,SB-019,1,spike,0.60413206
649,SB-015,1,dropout,0.9605242
650,SB-006,1,drift,0.7353387
651,SB-009,1,multi_spike,1.209889
652,SB-004,1,spike,1.0452536
653,SB-019,1,dropout,0.5784101
654,SB-010,1,drift,0.91316193
655,SB-004,1,multi_spike,1.6816006
656,SB-010,1,spike,1.1489004
657,SB-010,1,dropout,0.5415766
658,SB-001,1,drift,0.5856379
659,SB-004,1,multi_spike,2.0137732
660,SB-017,1,spike,0.7727748
661,SB-012,1,dropout,0.6593675
662,SB-001,1,drift,0.8321551
663,SB-009,1,multi_spike,1.3688766
664,SB-010,1,spike,0.93481916
665,SB-017,1,dropout,0.39685133
666,SB-015,1,drift,0.86844784
667,SB-001,1,multi_spike,2.2238934
668,SB-004,1,spike,0.8013601
669,SB-004,1,dropout,0.7891089
670,SB-002,1,drift,0.807897
671,SB-013,1,multi_spike,1.7234885
672,SB-019,1,spike,1.4113759
673,SB-018,1,dropout,0.54415745
674,SB-016,1,drift,0.6611973
675,SB-011,1,multi_spike,2.1432166
676,SB-015,1,spike,1.416295
677,SB-001,1,dropout,0.40801325
678,SB-017,1,drift,0.70717114
679,SB-018,1,multi_spike,1.8927699
680,SB-009,1,spike,0.89476717
681,SB-005,1,dropout,0.6084997
682,SB-020,1,drift,0.74783677
683,SB-004,1,multi_spike,1.5613055
684,SB-018,1,spike,1.2216856
685,SB-016,1,dropout,0.7747993
686,SB-017,1,drift,0.61916775
687,SB-011,1,multi_spike,1.6986104
688,SB-002,1,spike,1.0747377
689,SB-002,1,dropout,0.6866052
690,SB-003,1,drift,1.1622583
691,SB-017,1,multi_spike,1.1468738
692,SB-002,1,spike,0.5751327
693,SB-012,1,dropout,0.68365
694,SB-004,1,drift,0.6160847
695,SB-017,1,multi_spike,1.6934637
696,SB-020,1,spike,0.7139689
697,SB-018,1,dropout,0.6742738
698,SB-013,1,drift,0.43395546
699,SB-016,1,multi_spike,0.9267917
700,SB-002,1,spike,0.709349
701,SB-018,1,dropout,0.55491793
702,SB-016,1,drift,1.0014104
703,SB-019,1,multi_spike,2.3224623
704,SB-001,1,spike,0.9990684
705,SB-017,1,dropout,0.4112814
706,SB-009,1,drift,0.49840954
707,SB-017,1,multi_spike,1.6110691
708,SB-002,1,spike,1.6600522
709,SB-020,1,dropout,0.5450969
710,SB-007,1,drift,0.8556693
711,SB-019,1,multi_spike,1.6310505
712,SB-019,1,spike,1.4145267
713,SB-012,1,dropout,0.31951314
714,SB-002,1,drift,1.9709935
715,SB-019,1,multi_spike,1.9707813
716,SB-012,1,spike,1.8442802
717,SB-003,1,dropout,0.4596382
718,SB-015,1,drift,0.49176756
719,SB-010,1,multi_spike,1.8154508
720,SB-016,1,spike,0.83722615
721,SB-019,1,dropout,0.5080003
722,SB-014,1,drift,1.0309588
723,SB-016,1,multi_spike,1.7977854
724,SB-014,1,spike,1.7113062
725,SB-006,1,dropout,0.3496204
726,SB-016,1,drift,0.66972834
727,SB-011,1,multi_spike,0.6079402
728,SB-002,1,spike,0.92767376
729,SB-014,1,dropout,0.43719748
730,SB-008,1,drift,1.337512
731,SB-003,1,multi_spike,2.3730342
732,SB-003,1,spike,1.0052038
733,SB-008,1,dropout,0.59697187
734,SB-009,1,drift,0.48994705
735,SB-019,1,multi_spike,1.2303494
736,SB-005,1,spike,1.0931711
737,SB-006,1,dropout,0.47546285
738,SB-001,1,drift,2.5222063
739,SB-019,1,multi_spike,1.346337
740,SB-004,1,spike,1.9014646
741,SB-001,1,dropout,0.70032126
742,SB-020,1,drift,1.1637087
743,SB-018,1,multi_spike,1.6427093
744,SB-020,1,spike,1.417436
745,SB-006,1,dropout,0.6127474
746,SB-003,1,drift,0.7765375
747,SB-019,1,multi_spike,1.5254437
748,SB-013,1,spike,1.3046391
749,SB-018,1,dropout,0.3309989
750,SB-013,1,drift,0.97142446
751,SB-010,1,multi_spike,1.5913844
752,SB-011,1,spike,1.5828626
753,SB-001,1,dropout,0.75122404
754,SB-020,1,drift,0.7222066
755,SB-011,1,multi_spike,1.5408332
756,SB-009,1,spike,0.66209686
757,SB-014,1,dropout,0.34677738
758,SB-001,1,drift,0.6330625
759,SB-014,1,multi_spike,2.0546186
760,SB-003,1,spike,0.7391932
761,SB-001,1,dropout,0.598606
762,SB-012,1,drift,0.9427802
763,SB-002,1,multi_spike,0.9853293
764,SB-009,1,spike,1.6630391
765,SB-006,1,dropout,0.37468413
766,SB-016,1,drift,1.2096828
767,SB-008,1,multi_spike,1.2413145
768,SB-020,1,spike,1.7542049
769,SB-002,1,dropout,0.56162995
770,SB-003,1,drift,0.7063311
771,SB-003,1,multi_spike,1.3724774
772,SB-007,1,spike,0.6928477
773,SB-020,1,dropout,0.41911256
774,SB-017,1,drift,0.69602984
775,SB-008,1,multi_spike,1.4222636
776,SB-020,1,spike,1.4673166
777,SB-006,1,dropout,0.576651
778,SB-001,1,drift,0.7090059
779,SB-003,1,multi_spike,1.4459329
780,SB-020,1,spike,0.92711765
781,SB-007,1,dropout,0.46832612
782,SB-007,1,drift,0.7872083
783,SB-013,1,multi_spike,2.456006
784,SB-013,1,spike,1.071543
785,SB-001,1,dropout,0.60305953
786,SB-013,1,drift,0.6764655
787,SB-013,1,multi_spike,1.8167415
788,SB-015,1,spike,1.458405
789,SB-019,1,dropout,0.45376396
790,SB-015,1,drift,0.83783185
791,SB-004,1,multi_spike,1.9752654
792,SB-008,1,spike,0.75765896
793,SB-009,1,dropout,0.37160012
794,SB-016,1,drift,0.9124791
795,SB-008,1,multi_spike,1.3546896
796,SB-016,1,spike,1.3908231
797,SB-011,1,dropout,0.5440243
798,SB-014,1,drift,1.1402388
799,SB-015,1,multi_spike,1.8628951
800,SB-002,1,spike,1.4806273
801,SB-004,1,dropout,0.5191189
802,SB-015,1,drift,0.5802413
803,SB-018,1,multi_spike,1.0097885
804,SB-013,1,spike,1.715197
805,SB-007,1,dropout,0.5137539
806,SB-002,1,drift,0.8060511
807,SB-018,1,multi_spike,1.8533572
808,SB-016,1,spike,1.2992233
809,SB-014,1,dropout,0.5160129
810,SB-011,1,drift,0.81277066
811,SB-010,1,multi_spike,1.1719877
812,SB-020,1,spike,0.88609475
813,SB-005,1,dropout,0.5378584
814,SB-006,1,drift,0.67605734
815,SB-014,1,multi_spike,1.0163878
816,SB-004,1,spike,2.4591982
817,SB-007,1,dropout,0.53080106
818,SB-016,1,drift,0.41775322
819,SB-013,1,multi_spike,1.2065222
820,SB-012,1,spike,2.9464934
821,SB-020,1,dropout,0.7034256
822,SB-009,1,drift,1.8802042
823,SB-011,1,multi_spike,2.218062
824,SB-005,1,spike,0.7475086
825,SB-004,1,dropout,0.5387037
826,SB-007,1,drift,1.6779262
827,SB-018,1,multi_spike,1.148297
828,SB-017,1,spike,1.1538851
829,SB-012,1,dropout,0.42239076
830,SB-007,1,drift,1.6390307
831,SB-015,1,multi_spike,1.8746966
832,SB-011,1,spike,1.5878327
833,SB-020,1,dropout,0.76360184
834,SB-012,1,drift,1.0295459
835,SB-019,1,multi_spike,1.6003723
836,SB-020,1,spike,0.8986598
837,SB-016,1,dropout,0.68488765
838,SB-009,1,drift,2.087792
839,SB-016,1,multi_spike,1.5710648
840,SB-020,1,spike,1.0063591
841,SB-008,1,dropout,0.69481564
842,SB-003,1,drift,1.4565852
843,SB-002,1,multi_spike,1.7933539
844,SB-007,1,spike,0.7881036
845,SB-015,1,dropout,0.58956695
846,SB-013,1,drift,0.5842764
847,SB-006,1,multi_spike,3.0099773
848,SB-006,1,spike,1.1238492
849,SB-020,1,dropout,0.46578115
850,SB-008,1,drift,1.6337467
851,SB-006,1,multi_spike,1.7676542
852,SB-003,1,spike,0.7494612
853,SB-020,1,dropout,0.6405215
854,SB-005,1,drift,1.2102178
855,SB-002,1,multi_spike,1.5604796
856,SB-010,1,spike,1.2366953
857,SB-005,1,dropout,0.6245093
858,SB-006,1,drift,0.40377355
859,SB-016,1,multi_spike,1.3859339
860,SB-012,1,spike,1.3902677
861,SB-004,1,dropout,0.5954004
862,SB-001,1,drift,0.6262768
863,SB-008,1,multi_spike,0.8599425
864,SB-020,1,spike,0.7144427
865,SB-002,1,dropout,0.8262009
866,SB-015,1,drift,0.57528806
867,SB-008,1,multi_spike,1.246207
868,SB-013,1,spike,0.903339
869,SB-008,1,dropout,0.5418376
870,SB-004,1,drift,1.5587138
871,SB-017,1,multi_spike,2.4412577
872,SB-014,1,spike,1.0043406
873,SB-019,1,dropout,0.5828554
874,SB-015,1,drift,1.4039829
875,SB-002,1,multi_spike,1.4796126
876,SB-018,1,spike,1.2646012
877,SB-006,1,dropout,0.5567066
878,SB-018,1,drift,1.3417892
879,SB-017,1,multi_spike,1.1928743
880,SB-020,1,spike,0.555502
881,SB-013,1,dropout,0.4865604
882,SB-012,1,drift,0.5512562
883,SB-020,1,multi_spike,1.4104077
884,SB-019,1,spike,2.0932496
885,SB-018,1,dropout,0.49240348
886,SB-009,1,drift,2.2816224
887,SB-014,1,multi_spike,1.5317996
888,SB-006,1,spike,1.4414722
889,SB-001,1,dropout,0.4596494
890,SB-005,1,drift,0.5365875
891,SB-017,1,multi_spike,1.6414875
892,SB-005,1,spike,0.73663056
893,SB-015,1,dropout,0.46313515
894,SB-015,1,drift,1.1334428
895,SB-002,1,multi_spike,1.5772333
896,SB-018,1,spike,0.9737758
897,SB-009,1,dropout,0.7007204
898,SB-015,1,drift,0.8131937
899,SB-010,1,multi_spike,1.6719433
900,SB-014,1,spike,0.85462105
901,SB-019,1,dropout,0.5705179
902,SB-004,1,drift,1.6638879
903,SB-015,1,multi_spike,1.5408036
904,SB-019,1,spike,0.758146
905,SB-013,1,dropout,0.4953604
906,SB-015,1,drift,1.7553462
907,SB-003,1,multi_spike,0.9782204
908,SB-007,1,spike,1.3459074
909,SB-001,1,dropout,0.5339656
910,SB-019,1,drift,1.3744786
911,SB-018,1,multi_spike,1.5052525
912,SB-018,1,spike,1.038737
913,SB-006,1,dropout,0.3821549
914,SB-020,1,drift,0.9440605
915,SB-004,1,multi_spike,1.3202491
916,SB-019,1,spike,0.9874291
917,SB-002,1,dropout,0.77240974
918,SB-018,1,drift,1.611931
919,SB-011,1,multi_spike,1.647321
920,SB-004,1,spike,0.9625475
921,SB-007,1,dropout,0.63549083
922,SB-001,1,drift,0.6946691
923,SB-007,1,multi_spike,0.99055564
924,SB-002,1,spike,1.0934398
925,SB-012,1,dropout,0.46764487
926,SB-009,1,drift,0.5570937
927,SB-009,1,multi_spike,1.1882504
928,SB-006,1,spike,1.0311126
929,SB-007,1,dropout,0.75607544
930,SB-015,1,drift,0.6578742
931,SB-019,1,multi_spike,1.2155389
932,SB-007,1,spike,1.2732744
933,SB-020,1,dropout,0.66221446
934,SB-015,1,drift,1.2410282
935,SB-012,1,multi_spike,1.1506592
936,SB-018,1,spike,1.9222714
937,SB-009,1,dropout,0.5568777
938,SB-018,1,drift,1.2052377
939,SB-016,1,multi_spike,1.0314698
940,SB-004,1,spike,1.0275905
941,SB-002,1,dropout,0.43475842
942,SB-008,1,drift,0.71375257
943,SB-008,1,multi_spike,1.7174677
944,SB-006,1,spike,1.5645213
945,SB-014,1,dropout,0.6822292
946,SB-016,1,drift,2.5566683
947,SB-020,1,multi_spike,1.7487401
948,SB-008,1,spike,1.5203118
949,SB-010,1,dropout,0.5995499
950,SB-003,1,drift,1.1835824
951,SB-005,1,multi_spike,1.997517
952,SB-009,1,spike,0.81159115
953,SB-016,1,dropout,0.52720124
954,SB-019,1,drift,2.2884698
955,SB-018,1,multi_spike,1.3589723
956,SB-014,1,spike,2.0266736
957,SB-014,1,dropout,0.37771863
958,SB-020,1,drift,0.94028455
959,SB-002,1,multi_spike,1.0811083
960,SB-009,1,spike,0.9584403
961,SB-015,1,dropout,0.70657873
962,SB-013,1,drift,1.4133228
963,SB-007,1,multi_spike,1.992553
964,SB-001,1,spike,2.3886762
965,SB-016,1,dropout,0.68662786
966,SB-008,1,drift,1.2173907
967,SB-007,1,multi_spike,1.3594928
968,SB-001,1,spike,1.1184555
969,SB-012,1,dropout,0.5040755
970,SB-009,1,drift,0.52830464
971,SB-001,1,multi_spike,1.2044047
972,SB-016,1,spike,1.4173676
973,SB-020,1,dropout,0.61069906
974,SB-015,1,drift,0.5508624
975,SB-003,1,multi_spike,1.7350678
976,SB-003,1,spike,2.0384135
977,SB-002,1,dropout,0.64663935
978,SB-020,1,drift,0.7007601
979,SB-002,1,multi_spike,1.7090211
980,SB-017,1,spike,2.2869878
981,SB-003,1,dropout,0.50910485
982,SB-013,1,drift,0.5966234
983,SB-019,1,multi_spike,1.9892312
984,SB-011,1,spike,1.1921371
985,SB-008,1,dropout,0.7257495
986,SB-010,1,drift,2.493422
987,SB-004,1,multi_spike,1.5674921
988,SB-012,1,spike,1.1878134
989,SB-004,1,dropout,0.64304966
990,SB-020,1,drift,0.5889151
991,SB-008,1,multi_spike,0.9476473
992,SB-017,1,spike,0.97913414
993,SB-019,1,dropout,0.91691625
994,SB-004,1,drift,1.1214986
995,SB-018,1,multi_spike,1.1170617
996,SB-018,1,spike,2.009731
997,SB-010,1,dropout,0.5478965
998,SB-013,1,drift,0.88722605
999,SB-005,1,multi_spike,1.6674576
1000,SB-009,1,spike,1.228659
1001,SB-006,1,dropout,0.52982485
1002,SB-011,1,drift,0.7298695
1003,SB-007,1,multi_spike,1.0697088
1004,SB-014,1,spike,1.5615737
1005,SB-011,1,dropout,0.542757
1006,SB-003,1,drift,1.783305
1007,SB-001,1,multi_spike,1.3575225
1008,SB-017,1,spike,1.8784481
1009,SB-020,1,dropout,0.42846134
1010,SB-008,1,drift,0.8511231
1011,SB-015,1,multi_spike,1.9759504
1012,SB-004,1,spike,0.9276042
1013,SB-001,1,dropout,0.55593437
1014,SB-011,1,drift,0.71223897
1015,SB-012,1,multi_spike,1.359407
1016,SB-016,1,spike,1.0598911
1017,SB-016,1,dropout,0.38621685
1018,SB-012,1,drift,0.8919007
1019,SB-009,1,multi_spike,1.5354254
1020,SB-017,1,spike,1.3605558
1021,SB-002,1,dropout,0.66732675
1022,SB-013,1,drift,1.3044158
1023,SB-002,1,multi_spike,1.4022593
1024,SB-003,1,spike,1.0715188
1025,SB-004,1,dropout,0.78662986
1026,SB-009,1,drift,0.7613199
1027,SB-010,1,multi_spike,2.5986247
1028,SB-012,1,spike,1.2871753
1029,SB-019,1,dropout,0.5073948
1030,SB-016,1,drift,1.4130409
1031,SB-011,1,multi_spike,1.0414395
1032,SB-008,1,spike,0.7945088
1033,SB-020,1,dropout,0.43081927
1034,SB-006,1,drift,1.5482315
1035,SB-020,1,multi_spike,1.3761711
1036,SB-003,1,spike,2.0716019
1037,SB-014,1,dropout,0.6205873
1038,SB-008,1,drift,0.8807038
1039,SB-017,1,multi_spike,1.7069781
1040,SB-003,1,spike,2.1770656
1041,SB-014,1,dropout,0.5162467
1042,SB-016,1,drift,2.2384832
1043,SB-020,1,multi_spike,1.6089162
1044,SB-020,1,spike,1.4904325
1045,SB-020,1,dropout,0.37836164
1046,SB-016,1,drift,1.285741
1047,SB-013,1,multi_spike,1.8023914
1048,SB-013,1,spike,2.0391712
1049,SB-001,1,dropout,0.45593926
1050,SB-017,1,drift,1.1815708
1051,SB-002,1,multi_spike,1.645065
1052,SB-020,1,spike,1.188409
1053,SB-013,1,dropout,0.6036268
1054,SB-009,1,drift,0.8393152
1055,SB-009,1,multi_spike,1.1365258
1056,SB-008,1,spike,1.7347039
1057,SB-013,1,dropout,0.514225
1058,SB-019,1,drift,0.9834514
1059,SB-004,1,multi_spike,1.1688025
1060,SB-016,1,spike,0.71022123
1061,SB-003,1,dropout,0.5177197
1062,SB-012,1,drift,0.9502849
1063,SB-015,1,multi_spike,1.3889745
1064,SB-011,1,spike,1.5628006
1065,SB-018,1,dropout,0.63581896
1066,SB-004,1,drift,0.5998412
1067,SB-013,1,multi_spike,1.629125
1068,SB-002,1,spike,1.5644456
1069,SB-015,1,dropout,0.66116256
1070,SB-003,1,drift,0.77894706
1071,SB-013,1,multi_spike,1.2188536
1072,SB-007,1,spike,1.1293328
1073,SB-014,1,dropout,0.5387653
1074,SB-010,1,drift,0.82758164
1075,SB-001,1,multi_spike,0.9977894
1076,SB-020,1,spike,1.3123327
1077,SB-006,1,dropout,0.46984896
1078,SB-005,1,drift,0.62016326
1079,SB-015,1,multi_spike,1.6475066
1080,SB-012,1,spike,1.0653687
1081,SB-016,1,dropout,0.62902683
1082,SB-006,1,drift,0.8104787
1083,SB-004,1,multi_spike,1.2485123
1084,SB-006,1,spike,1.1082551
1085,SB-002,1,dropout,0.74226665
1086,SB-005,1,drift,1.9273677
1087,SB-011,1,multi_spike,1.7335131
1088,SB-001,1,spike,1.6158825
1089,SB-005,1,dropout,0.7389702
1090,SB-008,1,drift,0.68907595
1091,SB-006,1,multi_spike,1.3162622
1092,SB-013,1,spike,0.7294062
1093,SB-020,1,dropout,0.4670442
1094,SB-007,1,drift,1.3067404
1095,SB-018,1,multi_spike,1.3886552
1096,SB-013,1,spike,0.92056924
1097,SB-003,1,dropout,0.60217834
1098,SB-012,1,drift,0.4902155
1099,SB-019,1,multi_spike,1.1218544
1100,SB-007,1,spike,1.7287552
1101,SB-008,1,dropout,0.67923355
1102,SB-004,1,drift,1.0953096
1103,SB-002,1,multi_spike,1.9467094
1104,SB-020,1,spike,0.9765609
1105,SB-004,1,dropout,0.683779
1106,SB-008,1,drift,0.86614597
1107,SB-019,1,multi_spike,1.4233587
1108,SB-018,1,spike,1.5297439
1109,SB-003,1,dropout,0.506939
1110,SB-018,1,drift,0.5766077
1111,SB-009,1,multi_spike,2.7556007
1112,SB-008,1,spike,0.6616056
1113,SB-020,1,dropout,0.7630535
1114,SB-019,1,drift,1.9751066
1115,SB-001,1,multi_spike,1.5030237
1116,SB-001,1,spike,0.97785074
1117,SB-006,1,dropout,0.42412233
1118,SB-013,1,drift,0.7503493
1119,SB-007,1,multi_spike,3.121427
1120,SB-011,1,spike,2.4514866
1121,SB-015,1,dropout,0.5023432
1122,SB-010,1,drift,2.140862
1123,SB-007,1,multi_spike,1.0585346
1124,SB-017,1,spike,1.638707
1125,SB-007,1,dropout,0.39971685
1126,SB-013,1,drift,0.51406556
1127,SB-002,1,multi_spike,0.8573665
1128,SB-014,1,spike,0.80417275
1129,SB-001,1,dropout,0.5115183
1130,SB-005,1,drift,0.8639244
1131,SB-017,1,multi_spike,1.4266106
1132,SB-016,1,spike,0.55778843
1133,SB-001,1,dropout,0.44743127
1134,SB-005,1,drift,0.78663856
1135,SB-010,1,multi_spike,1.2009654
1136,SB-001,1,spike,1.2772555
1137,SB-018,1,dropout,0.78536195
1138,SB-004,1,drift,0.84048486
1139,SB-013,1,multi_spike,1.388105
1140,SB-017,1,spike,1.281255
1141,SB-011,1,dropout,0.69883543
1142,SB-014,1,drift,0.6047626
1143,SB-004,1,multi_spike,0.9321884
1144,SB-004,1,spike,0.7105732
1145,SB-003,1,dropout,0.583569
1146,SB-006,1,drift,0.62448186
1147,SB-001,1,multi_spike,1.6263188
1148,SB-007,1,spike,0.9859692
1149,SB-019,1,dropout,0.6127601
1150,SB-014,1,drift,0.9464119
1151,SB-019,1,multi_spike,0.66336566
1152,SB-007,1,spike,0.6946858
1153,SB-012,1,dropout,0.60579693
1154,SB-012,1,drift,1.7558372
1155,SB-002,1,multi_spike,1.0431796
1156,SB-019,1,spike,2.098336
1157,SB-011,1,dropout,0.32640025
1158,SB-005,1,drift,0.6830988
1159,SB-007,1,multi_spike,1.2840322
1160,SB-020,1,spike,1.1655207
1161,SB-014,1,dropout,0.67145747
1162,SB-005,1,drift,0.63634026
1163,SB-014,1,multi_spike,2.9766662
1164,SB-011,1,spike,0.78267306
1165,SB-014,1,dropout,0.616608
1166,SB-005,1,drift,1.5373447
1167,SB-001,1,multi_spike,2.610356
1168,SB-012,1,spike,2.2963068
1169,SB-015,1,dropout,0.5398938
1170,SB-009,1,drift,0.65276563
1171,SB-017,1,multi_spike,1.5167377
1172,SB-006,1,spike,0.92794526
1173,SB-010,1,dropout,0.6032652
1174,SB-020,1,drift,1.3734651
1175,SB-008,1,multi_spike,1.9291027
1176,SB-020,1,spike,2.1220279
1177,SB-005,1,dropout,0.39163348
1178,SB-017,1,drift,1.8976905
1179,SB-019,1,multi_spike,1.8587531
1180,SB-003,1,spike,1.1082593
1181,SB-007,1,dropout,0.67911047
1182,SB-013,1,drift,0.92140484
1183,SB-004,1,multi_spike,1.3737471
1184,SB-016,1,spike,1.0542645
1185,SB-003,1,dropout,0.4529286
1186,SB-008,1,drift,0.7907028
1187,SB-017,1,multi_spike,1.9516246
1188,SB-015,1,spike,0.9307881
1189,SB-009,1,dropout,0.46947306
1190,SB-018,1,drift,0.7019724
1191,SB-015,1,multi_spike,1.1893404
1192,SB-019,1,spike,0.64962876
1193,SB-007,1,dropout,0.5346141
1194,SB-006,1,drift,1.0076091
1195,SB-011,1,multi_spike,1.8190964
1196,SB-009,1,spike,1.0503566
1197,SB-019,1,dropout,0.6330012
1198,SB-020,1,drift,1.0263188
1199,SB-015,1,multi_spike,1.1405839
1200,SB-005,1,spike,0.9917861
1201,SB-003,1,dropout,0.5719244
1202,SB-005,1,drift,0.9328827
1203,SB-003,1,multi_spike,2.2743356
1204,SB-002,1,spike,0.98305875
1205,SB-002,1,dropout,0.5009892
1206,SB-020,1,drift,1.0008613
1207,SB-004,1,multi_spike,1.2170974
1208,SB-012,1,spike,1.3557107
1209,SB-012,1,dropout,0.6372527
1210,SB-001,1,drift,0.46539995
1211,SB-017,1,multi_spike,1.9116051
1212,SB-016,1,spike,0.55522317
1213,SB-013,1,dropout,0.6618609
1214,SB-010,1,drift,0.8152337
1215,SB-001,1,multi_spike,1.4007928
1216,SB-010,1,spike,0.8220106
1217,SB-013,1,dropout,0.56696934
1218,SB-002,1,drift,1.2365704
1219,SB-017,1,multi_spike,1.7651469
1220,SB-017,1,spike,2.2401352
1221,SB-001,1,dropout,0.5457924
1222,SB-011,1,drift,1.4606388
1223,SB-012,1,multi_spike,1.9751267
1224,SB-019,1,spike,1.3097788
1225,SB-012,1,dropout,0.41242355
1226,SB-018,1,drift,0.83660376
1227,SB-013,1,multi_spike,1.6587509
1228,SB-008,1,spike,0.8592372
1229,SB-009,1,dropout,0.6217461
1230,SB-006,1,drift,0.89452547
1231,SB-019,1,multi_spike,1.5663344
1232,SB-007,1,spike,1.5003165
1233,SB-012,1,dropout,0.7398278
1234,SB-006,1,drift,0.97172475
1235,SB-017,1,multi_spike,1.4299012
1236,SB-019,1,spike,0.99973273
1237,SB-004,1,dropout,0.53688633
1238,SB-018,1,drift,1.9592819
1239,SB-011,1,multi_spike,1.5293201
1240,SB-016,1,spike,0.7055973
1241,SB-009,1,dropout,0.5240396
1242,SB-006,1,drift,0.8049652
1243,SB-001,1,multi_spike,2.272132
1244,SB-006,1,spike,1.0268816
1245,SB-009,1,dropout,0.4102049
1246,SB-018,1,drift,0.97746027
1247,SB-002,1,multi_spike,1.8962665
1248,SB-004,1,spike,1.4712429
1249,SB-001,1,dropout,0.49315304
1250,SB-007,1,drift,0.7387511
1251,SB-005,1,multi_spike,1.0281038
1252,SB-012,1,spike,1.6208391
1253,SB-016,1,dropout,0.5732948
1254,SB-014,1,drift,0.7011017
1255,SB-008,1,multi_spike,1.5908177
1256,SB-020,1,spike,0.6396623
1257,SB-019,1,dropout,0.64783025
1258,SB-007,1,drift,0.91410834
1259,SB-002,1,multi_spike,1.3843822
1260,SB-013,1,spike,0.78394914
1261,SB-008,1,dropout,0.55329514
1262,SB-002,1,drift,1.5374373
1263,SB-005,1,multi_spike,1.6698841
1264,SB-020,1,spike,1.2416358
1265,SB-019,1,dropout,0.56131345
1266,SB-009,1,drift,0.86352533
1267,SB-016,1,multi_spike,2.287194
1268,SB-016,1,spike,1.1654202
1269,SB-020,1,dropout,0.59485245
1270,SB-004,1,drift,0.8338281
1271,SB-017,1,multi_spike,1.0383078
1272,SB-009,1,spike,0.88477767
1273,SB-014,1,dropout,0.74783754
1274,SB-017,1,drift,1.0930982
1275,SB-016,1,multi_spike,0.94285554
1276,SB-014,1,spike,0.9321978
1277,SB-011,1,dropout,0.6269182
1278,SB-014,1,drift,1.7110019
1279,SB-015,1,multi_spike,2.7744117
1280,SB-015,1,spike,0.73662215
1281,SB-009,1,dropout,0.69744825
1282,SB-008,1,drift,0.7657147
1283,SB-011,1,multi_spike,1.4627494
1284,SB-013,1,spike,1.1912333
1285,SB-012,1,dropout,0.4409686
1286,SB-010,1,drift,0.78290343
1287,SB-009,1,multi_spike,1.585954
1288,SB-014,1,spike,1.1040274
1289,SB-002,1,dropout,0.71568847
1290,SB-013,1,drift,2.0376978
1291,SB-012,1,multi_spike,1.3243905
1292,SB-003,1,spike,0.8222436
1293,SB-001,1,dropout,0.6329233
1294,SB-005,1,drift,0.6584898
1295,SB-009,1,multi_spike,1.5333931
1296,SB-018,1,spike,0.69356817
1297,SB-017,1,dropout,0.7016858
1298,SB-014,1,drift,1.0780416
1299,SB-020,1,multi_spike,1.5079904
1300,SB-010,1,spike,2.0034974
1301,SB-005,1,dropout,0.45806742
1302,SB-012,1,drift,0.95284855
1303,SB-016,1,multi_spike,2.0095348
1304,SB-015,1,spike,0.9456412
1305,SB-008,1,dropout,0.6778426
1306,SB-019,1,drift,0.8149965
1307,SB-007,1,multi_spike,0.8298321
1308,SB-017,1,spike,0.9882393
1309,SB-013,1,dropout,0.5474248
1310,SB-011,1,drift,0.8867848
1311,SB-018,1,multi_spike,3.0006707
1312,SB-015,1,spike,0.7246269
1313,SB-002,1,dropout,0.7251301
1314,SB-011,1,drift,1.8240031
1315,SB-011,1,multi_spike,1.9982284
1316,SB-003,1,spike,0.83569413
1317,SB-006,1,dropout,0.7908647
1318,SB-015,1,drift,0.6771902
1319,SB-014,1,multi_spike,2.1704872
1320,SB-013,1,spike,2.619564
1321,SB-009,1,dropout,0.37644634
1322,SB-009,1,drift,1.1101592
1323,SB-006,1,multi_spike,1.1759175
1324,SB-004,1,spike,1.2591628
1325,SB-001,1,dropout,0.55206066
1326,SB-011,1,drift,0.75095016
1327,SB-011,1,multi_spike,1.4665264
1328,SB-003,1,spike,1.1164488
1329,SB-019,1,dropout,0.57003134
1330,SB-006,1,drift,0.6299176
1331,SB-009,1,multi_spike,1.7072122
1332,SB-006,1,spike,1.6781881
1333,SB-004,1,dropout,0.6367181
1334,SB-020,1,drift,1.114284
1335,SB-006,1,multi_spike,1.4450715
1336,SB-011,1,spike,1.2675314
1337,SB-007,1,dropout,0.67757213
1338,SB-017,1,drift,0.980504
1339,SB-012,1,multi_spike,1.2771467
1340,SB-015,1,spike,0.6536081
1341,SB-012,1,dropout,0.48179352
1342,SB-018,1,drift,1.0188718
1343,SB-019,1,multi_spike,1.6311997
1344,SB-007,1,spike,1.0185995
1345,SB-006,1,dropout,0.7321785
1346,SB-018,1,drift,0.9496057
1347,SB-012,1,multi_spike,1.4795604
1348,SB-013,1,spike,1.0166436
1349,SB-010,1,dropout,0.66700035
1350,SB-014,1,drift,0.7797579
1351,SB-011,1,multi_spike,1.0694463
1352,SB-005,1,spike,2.0435505
1353,SB-009,1,dropout,0.708255
1354,SB-011,1,drift,0.8207381
1355,SB-014,1,multi_spike,2.757074
1356,SB-020,1,spike,2.2950137
1357,SB-009,1,dropout,0.6955989
1358,SB-011,1,drift,0.58704627
1359,SB-016,1,multi_spike,2.0092375
1360,SB-008,1,spike,2.8814814
1361,SB-015,1,dropout,0.5157653
1362,SB-008,1,drift,1.4427584
1363,SB-017,1,multi_spike,1.2807391
1364,SB-014,1,spike,0.8818863
1365,SB-020,1,dropout,0.4944138
1366,SB-018,1,drift,0.7508587
1367,SB-005,1,multi_spike,1.675067
1368,SB-017,1,spike,0.6148416
1369,SB-013,1,dropout,0.8821202
1370,SB-018,1,drift,1.2302227
1371,SB-001,1,multi_spike,1.4759364
1372,SB-016,1,spike,1.1970997
1373,SB-010,1,dropout,0.25539973
1374,SB-008,1,drift,0.6739594
1375,SB-004,1,multi_spike,1.5810686
1376,SB-013,1,spike,1.1144676
1377,SB-016,1,dropout,0.47754344
1378,SB-005,1,drift,0.481448
1379,SB-011,1,multi_spike,1.1631376
1380,SB-017,1,spike,1.377916
1381,SB-018,1,dropout,0.52086675
1382,SB-009,1,drift,0.68613124
1383,SB-004,1,multi_spike,1.1101348
1384,SB-020,1,spike,1.9671947
1385,SB-019,1,dropout,0.6623264
1386,SB-005,1,drift,0.91209483
1387,SB-002,1,multi_spike,1.2024243
1388,SB-019,1,spike,1.2741829
1389,SB-004,1,dropout,0.6565515
1390,SB-004,1,drift,1.0770416
1391,SB-002,1,multi_spike,1.0957785
1392,SB-007,1,spike,0.85963744
1393,SB-019,1,dropout,0.6895112
1394,SB-012,1,drift,1.5953081
1395,SB-020,1,multi_spike,2.0728784
1396,SB-010,1,spike,1.0799694
1397,SB-014,1,dropout,0.7003065
1398,SB-002,1,drift,0.6085967
1399,SB-017,1,multi_spike,2.0235581
1400,SB-004,1,spike,1.7473016
1401,SB-008,1,dropout,0.6079928
1402,SB-020,1,drift,0.5318861
1403,SB-005,1,multi_spike,1.8248724
1404,SB-018,1,spike,1.2284836
1405,SB-010,1,dropout,0.7411208
1406,SB-008,1,drift,0.90642595
1407,SB-012,1,multi_spike,1.677857
1408,SB-019,1,spike,0.7616461
1409,SB-017,1,dropout,0.44760066
1410,SB-014,1,drift,0.6110259
1411,SB-004,1,multi_spike,1.1854813
1412,SB-017,1,spike,1.1401439
1413,SB-005,1,dropout,0.4983511
1414,SB-011,1,drift,0.8508624
1415,SB-008,1,multi_spike,1.1581
1416,SB-017,1,spike,2.3899372
1417,SB-003,1,dropout,0.4161366
1418,SB-016,1,drift,0.6652511
1419,SB-016,1,multi_spike,1.5599962
1420,SB-013,1,spike,0.6584238
1421,SB-012,1,dropout,0.51007473
1422,SB-018,1,drift,0.78363395
1423,SB-019,1,multi_spike,1.2471665
1424,SB-007,1,spike,0.75513256
1425,SB-011,1,dropout,0.589858
1426,SB-020,1,drift,0.7334552
1427,SB-012,1,multi_spike,1.9396378
1428,SB-012,1,spike,2.549314
1429,SB-004,1,dropout,0.47110805
1430,SB-014,1,drift,0.581371
1431,SB-005,1,multi_spike,0.9550878
1432,SB-013,1,spike,0.7242298
1433,SB-019,1,dropout,0.5036558
1434,SB-002,1,drift,1.3383683
1435,SB-004,1,multi_spike,1.0569801
1436,SB-015,1,spike,1.0885762
1437,SB-018,1,dropout,0.48563933
1438,SB-008,1,drift,0.6780727
1439,SB-008,1,multi_spike,1.3154004
1440,SB-008,1,spike,1.1086853
1441,SB-001,1,dropout,0.45338377
1442,SB-011,1,drift,1.5637399
1443,SB-017,1,multi_spike,1.1588928
1444,SB-017,1,spike,1.614991
1445,SB-012,1,dropout,0.64841676
1446,SB-005,1,drift,1.0240798
1447,SB-017,1,multi_spike,1.2290324
1448,SB-007,1,spike,2.154652
1449,SB-015,1,dropout,0.63184136
1450,SB-013,1,drift,0.6424555
1451,SB-011,1,multi_spike,2.0775306
1452,SB-007,1,spike,1.086993
1453,SB-001,1,dropout,0.51050794
1454,SB-019,1,drift,1.1045829
1455,SB-013,1,multi_spike,1.1133087
1456,SB-009,1,spike,0.47889215
1457,SB-005,1,dropout,0.5001945
1458,SB-011,1,drift,0.8996818
1459,SB-008,1,multi_spike,1.1791979
1460,SB-014,1,spike,0.74515617
1461,SB-011,1,dropout,0.63929576
1462,SB-010,1,drift,0.62219334
1463,SB-005,1,multi_spike,2.2499583
1464,SB-008,1,spike,1.647441
1465,SB-009,1,dropout,0.5952845
1466,SB-012,1,drift,1.4582939
1467,SB-015,1,multi_spike,1.4524511
1468,SB-018,1,spike,1.0697713
1469,SB-010,1,dropout,0.48727375
1470,SB-013,1,drift,2.0721364
1471,SB-015,1,multi_spike,1.0731264
1472,SB-015,1,spike,2.791969
1473,SB-001,1,dropout,0.4623484
1474,SB-001,1,drift,0.81927025
1475,SB-018,1,multi_spike,1.4515667
1476,SB-011,1,spike,0.80066997
1477,SB-002,1,dropout,0.26999164
1478,SB-018,1,drift,0.54196405
1479,SB-011,1,multi_spike,1.5286657
1480,SB-008,1,spike,0.8572592
1481,SB-014,1,dropout,0.86079043
1482,SB-004,1,drift,0.7190373
1483,SB-014,1,multi_spike,1.4363846
1484,SB-007,1,spike,1.5311416
1485,SB-004,1,dropout,0.41711038
1486,SB-014,1,drift,1.4314252
1487,SB-018,1,multi_spike,1.6081342
1488,SB-006,1,spike,2.5240388
1489,SB-011,1,dropout,0.71618295
1490,SB-017,1,drift,0.8142085
1491,SB-017,1,multi_spike,1.3501071
1492,SB-012,1,spike,1.1030053
1493,SB-002,1,dropout,0.53800565
1494,SB-009,1,drift,0.9350296
1495,SB-016,1,multi_spike,1.0584354
1496,SB-018,1,spike,1.1513455
1497,SB-008,1,dropout,0.5617239
1498,SB-016,1,drift,1.0409167
1499,SB-020,1,multi_spike,1.4616257
1500,SB-015,1,spike,0.8975141
1501,SB-009,1,dropout,0.3551579
1502,SB-020,1,drift,1.0086546
1503,SB-009,1,multi_spike,2.0816128
1504,SB-020,1,spike,0.7714454
1505,SB-002,1,dropout,0.43812254
1506,SB-015,1,drift,0.76782715
1507,SB-001,1,multi_spike,2.132123
1508,SB-010,1,spike,0.89909995
1509,SB-003,1,dropout,0.6631241
1510,SB-020,1,drift,1.2055756
1511,SB-013,1,multi_spike,1.2585541
1512,SB-018,1,spike,0.47894987
1513,SB-009,1,dropout,0.4356771
1514,SB-019,1,drift,0.77608705
1515,SB-002,1,multi_spike,1.2295016
1516,SB-015,1,spike,1.0765185
1517,SB-003,1,dropout,0.43611762
1518,SB-018,1,drift,0.73962045
1519,SB-020,1,multi_spike,1.823271
1520,SB-006,1,spike,2.0313642
1521,SB-018,1,dropout,0.4799481
1522,SB-018,1,drift,1.2196673
1523,SB-011,1,multi_spike,1.6026129
1524,SB-011,1,spike,1.3789929
1525,SB-010,1,dropout,0.4505865
1526,SB-006,1,drift,0.99334216
1527,SB-003,1,multi_spike,1.2721782
1528,SB-003,1,spike,0.7710265
1529,SB-017,1,dropout,0.46295455
1530,SB-017,1,drift,1.2320279
1531,SB-016,1,multi_spike,1.6305648
1532,SB-004,1,spike,3.6074843
1533,SB-015,1,dropout,0.5240183
1534,SB-004,1,drift,0.7882672
1535,SB-007,1,multi_spike,1.5978546
1536,SB-016,1,spike,1.5648152
1537,SB-007,1,dropout,0.75651103
1538,SB-015,1,drift,1.3407543
1539,SB-008,1,multi_spike,1.1695958
1540,SB-009,1,spike,1.2955432
1541,SB-017,1,dropout,0.6773205
1542,SB-008,1,drift,0.7426226
1543,SB-016,1,multi_spike,1.3715459
1544,SB-002,1,spike,1.2635704
1545,SB-011,1,dropout,0.55517596
1546,SB-006,1,drift,1.0013093
1547,SB-005,1,multi_spike,1.6526653
1548,SB-004,1,spike,1.7409056
1549,SB-015,1,dropout,0.6599471
1550,SB-016,1,drift,0.8502593
1551,SB-010,1,multi_spike,2.1230264
1552,SB-006,1,spike,1.7357649
1553,SB-009,1,dropout,0.57782626
1554,SB-017,1,drift,1.2136133
1555,SB-015,1,multi_spike,2.2621245
1556,SB-003,1,spike,1.2153368
1557,SB-006,1,dropout,0.38582838
1558,SB-020,1,drift,0.81913865
1559,SB-020,1,multi_spike,1.0912341
1560,SB-012,1,spike,1.1689545
1561,SB-015,1,dropout,0.74873257
1562,SB-011,1,drift,1.497125
1563,SB-008,1,multi_spike,2.2759998
1564,SB-006,1,spike,0.46801773
1565,SB-009,1,dropout,0.5088002
1566,SB-017,1,drift,2.037109
1567,SB-005,1,multi_spike,2.2846308
1568,SB-014,1,spike,1.2955782
1569,SB-006,1,dropout,0.6747183
1570,SB-013,1,drift,0.8731149
1571,SB-012,1,multi_spike,2.3054688
1572,SB-013,1,spike,1.0089345
1573,SB-007,1,dropout,0.50572324
1574,SB-003,1,drift,0.83506393
1575,SB-018,1,multi_spike,2.1606088
1576,SB-020,1,spike,1.1476872
1577,SB-005,1,dropout,0.38399014
1578,SB-019,1,drift,1.0982542
1579,SB-010,1,multi_spike,0.96718186
1580,SB-002,1,spike,1.4193873
1581,SB-015,1,dropout,0.6192009
1582,SB-006,1,drift,0.38423753
1583,SB-019,1,multi_spike,1.1951844
1584,SB-020,1,spike,0.8103871
1585,SB-013,1,dropout,0.51302886
1586,SB-007,1,drift,0.6291065
1587,SB-003,1,multi_spike,1.4950658
1588,SB-015,1,spike,0.62478673
1589,SB-014,1,dropout,0.7140187
1590,SB-018,1,drift,0.9520936
1591,SB-015,1,multi_spike,1.74142
1592,SB-018,1,spike,1.7713504
1593,SB-020,1,dropout,0.53656507
1594,SB-006,1,drift,0.45113012
1595,SB-020,1,multi_spike,1.0983267
1596,SB-003,1,spike,0.8130979
1597,SB-014,1,dropout,0.5634451
1598,SB-006,1,drift,1.2965919
1599,SB-014,1,multi_spike,1.3870218
1600,SB-001,1,spike,1.6190739
1601,SB-006,1,dropout,0.47930068
1602,SB-017,1,drift,0.8343098
1603,SB-004,1,multi_spike,2.5246816
1604,SB-005,1,spike,0.71006256
1605,SB-003,1,dropout,0.42613667
1606,SB-008,1,drift,2.0108573
1607,SB-011,1,multi_spike,0.8430392
1608,SB-007,1,spike,0.96499604
1609,SB-011,1,dropout,0.6596908
1610,SB-013,1,drift,1.0645288
1611,SB-014,1,multi_spike,1.275874
1612,SB-008,1,spike,2.2353585
1613,SB-015,1,dropout,0.5330768
1614,SB-003,1,drift,1.8959975
1615,SB-011,1,multi_spike,1.1018692
1616,SB-017,1,spike,1.5428284
1617,SB-009,1,dropout,0.6260237
1618,SB-013,1,drift,0.74576265
1619,SB-016,1,multi_spike,1.4626217
1620,SB-014,1,spike,1.5650896
1621,SB-017,1,dropout,0.5661809
1622,SB-002,1,drift,0.5194708
1623,SB-013,1,multi_spike,1.2157365
1624,SB-009,1,spike,1.6902338
1625,SB-015,1,dropout,0.5824439
1626,SB-020,1,drift,0.6058333
1627,SB-018,1,multi_spike,0.85392994
1628,SB-016,1,spike,1.2951077
1629,SB-007,1,dropout,0.610383
1630,SB-005,1,drift,1.0925015
1631,SB-002,1,multi_spike,2.6373734
1632,SB-019,1,spike,0.59659106
1633,SB-019,1,dropout,0.66571313
1634,SB-009,1,drift,1.9310143
1635,SB-014,1,multi_spike,1.7637111
1636,SB-008,1,spike,1.2979383
1637,SB-019,1,dropout,0.5653239
1638,SB-008,1,drift,1.234659
1639,SB-003,1,multi_spike,1.2070968
1640,SB-019,1,spike,1.7419761
1641,SB-005,1,dropout,0.45588708
1642,SB-007,1,drift,1.0261716
1643,SB-009,1,multi_spike,2.625043
1644,SB-018,1,spike,0.92683214
1645,SB-011,1,dropout,0.85053706
1646,SB-012,1,drift,0.86274844
1647,SB-019,1,multi_spike,1.2334942
1648,SB-017,1,spike,0.8404173
1649,SB-008,1,dropout,0.6002785
1650,SB-008,1,drift,0.5276591
1651,SB-014,1,multi_spike,1.6635205
1652,SB-012,1,spike,0.96370274
1653,SB-003,1,dropout,0.6839016
1654,SB-014,1,drift,0.76743805
1655,SB-012,1,multi_spike,1.8947477
1656,SB-016,1,spike,1.9083405
1657,SB-015,1,dropout,0.53629583
1658,SB-015,1,drift,0.6120315
1659,SB-005,1,multi_spike,1.003602
1660,SB-009,1,spike,1.6302562
1661,SB-010,1,dropout,0.61051834
1662,SB-018,1,drift,1.3032895
1663,SB-015,1,multi_spike,1.5323386
1664,SB-006,1,spike,0.917744
1665,SB-008,1,dropout,0.43618506
1666,SB-014,1,drift,0.57201576
1667,SB-014,1,multi_spike,2.015479
1668,SB-006,1,spike,1.1971532
1669,SB-019,1,dropout,0.5531788
1670,SB-020,1,drift,0.92146665
1671,SB-007,1,multi_spike,1.49747
1672,SB-002,1,spike,1.1712676
1673,SB-015,1,dropout,0.50257343
1674,SB-007,1,drift,1.6083795
1675,SB-013,1,multi_spike,1.122128
1676,SB-008,1,spike,1.477537
1677,SB-015,1,dropout,0.39791143
1678,SB-009,1,drift,1.0400462
1679,SB-020,1,multi_spike,2.3116262
1680,SB-011,1,spike,1.2077737
1681,SB-012,1,dropout,0.64486456
1682,SB-006,1,drift,0.942435
1683,SB-010,1,multi_spike,2.1074271
1684,SB-012,1,spike,0.9622598
1685,SB-006,1,dropout,0.8336812
1686,SB-010,1,drift,0.7989463
1687,SB-003,1,multi_spike,1.2536376
1688,SB-016,1,spike,1.0040389
1689,SB-017,1,dropout,0.64419305
1690,SB-006,1,drift,0.5956994
1691,SB-013,1,multi_spike,2.306018
1692,SB-014,1,spike,0.951724
1693,SB-012,1,dropout,0.26809835
1694,SB-017,1,drift,0.9494226
1695,SB-009,1,multi_spike,0.95958835
1696,SB-015,1,spike,1.0243293
1697,SB-013,1,dropout,0.32574892
1698,SB-008,1,drift,0.96694195
1699,SB-012,1,multi_spike,2.301188
1700,SB-005,1,spike,1.09055
1701,SB-004,1,dropout,0.5807984
1702,SB-008,1,drift,2.3367238
1703,SB-019,1,multi_spike,1.1518786
1704,SB-014,1,spike,1.1573676
1705,SB-003,1,dropout,0.6487533
1706,SB-001,1,drift,0.61112255
1707,SB-009,1,multi_spike,1.1219071
1708,SB-005,1,spike,0.9295761
1709,SB-010,1,dropout,0.66443247
1710,SB-016,1,drift,0.54109424
1711,SB-011,1,multi_spike,2.029948
1712,SB-010,1,spike,1.7291276
1713,SB-016,1,dropout,0.6379616
1714,SB-002,1,drift,0.77877253
1715,SB-001,1,multi_spike,1.9571977
1716,SB-012,1,spike,0.9781054
1717,SB-020,1,dropout,0.41664615
1718,SB-007,1,drift,0.78063923
1719,SB-005,1,multi_spike,0.7834015
1720,SB-003,1,spike,1.0571675
1721,SB-007,1,dropout,0.56267405
1722,SB-015,1,drift,0.7219069
1723,SB-017,1,multi_spike,2.1100523
1724,SB-011,1,spike,0.70929307
1725,SB-005,1,dropout,0.39030817
1726,SB-004,1,drift,0.53826094
1727,SB-007,1,multi_spike,1.3268042
1728,SB-001,1,spike,2.2164474
1729,SB-017,1,dropout,0.66643983
1730,SB-018,1,drift,0.981178
1731,SB-019,1,multi_spike,1.320888
1732,SB-009,1,spike,0.71916986
1733,SB-016,1,dropout,0.45726737
1734,SB-007,1,drift,0.5717104
1735,SB-016,1,multi_spike,0.7804232
1736,SB-009,1,spike,1.2341125
1737,SB-019,1,dropout,0.5434685
1738,SB-015,1,drift,1.8268149
1739,SB-007,1,multi_spike,0.7047215
1740,SB-003,1,spike,1.1411581
1741,SB-009,1,dropout,0.69242346
1742,SB-008,1,drift,1.0270243
1743,SB-019,1,multi_spike,1.8204
1744,SB-008,1,spike,0.97667706
1745,SB-016,1,dropout,0.69205916
1746,SB-005,1,drift,0.51240283
1747,SB-018,1,multi_spike,0.82880396
1748,SB-017,1,spike,1.3085661
1749,SB-010,1,dropout,0.6873729
1750,SB-012,1,drift,0.5634728
1751,SB-007,1,multi_spike,1.7210485
1752,SB-007,1,spike,0.9688153
1753,SB-004,1,dropout,0.36870512
1754,SB-016,1,drift,0.9963058
1755,SB-013,1,multi_spike,2.2667513
1756,SB-018,1,spike,1.1233034
1757,SB-010,1,dropout,0.5586225
1758,SB-015,1,drift,0.5773133
1759,SB-007,1,multi_spike,1.8958318
1760,SB-009,1,spike,1.145717
1761,SB-010,1,dropout,0.6450395
1762,SB-015,1,drift,0.8398349
1763,SB-002,1,multi_spike,1.0479696
1764,SB-002,1,spike,1.1404958
1765,SB-009,1,dropout,0.64854205
1766,SB-008,1,drift,0.65646654
1767,SB-009,1,multi_spike,1.0296303
1768,SB-014,1,spike,0.8989673
1769,SB-015,1,dropout,0.60692114
1770,SB-004,1,drift,0.95533085
1771,SB-007,1,multi_spike,1.7104448
1772,SB-002,1,spike,0.5091187
1773,SB-007,1,dropout,0.56485057
1774,SB-020,1,drift,1.2955757
1775,SB-008,1,multi_spike,1.1016238
1776,SB-004,1,spike,1.0921105
1777,SB-020,1,dropout,0.44244376
1778,SB-009,1,drift,0.53814113
1779,SB-005,1,multi_spike,1.6849684
1780,SB-020,1,spike,0.9986077
1781,SB-001,1,dropout,0.57992905
1782,SB-001,1,drift,1.9909292
1783,SB-004,1,multi_spike,1.3102325
1784,SB-016,1,spike,2.6128318
1785,SB-004,1,dropout,0.47580928
1786,SB-010,1,drift,0.70741534
1787,SB-015,1,multi_spike,2.265325
1788,SB-015,1,spike,0.4933532
1789,SB-003,1,dropout,0.49054986
1790,SB-014,1,drift,1.318157
1791,SB-001,1,multi_spike,1.0671263
1792,SB-017,1,spike,0.749449
1793,SB-001,1,dropout,0.63727593
1794,SB-017,1,drift,1.5713814
1795,SB-009,1,multi_spike,1.8109465
1796,SB-016,1,spike,1.5117294
1797,SB-015,1,dropout,0.54300344
1798,SB-018,1,drift,0.7409029
1799,SB-009,1,multi_spike,1.3119427
1800,SB-005,1,spike,1.2869662
1801,SB-003,1,dropout,0.58140796
1802,SB-003,1,drift,0.7094328
1803,SB-006,1,multi_spike,1.2518342
1804,SB-003,1,spike,0.9450366
1805,SB-003,1,dropout,0.44974288
1806,SB-004,1,drift,1.7228836
1807,SB-007,1,multi_spike,1.0624069
1808,SB-008,1,spike,1.6163732
1809,SB-016,1,dropout,0.80471134
1810,SB-002,1,drift,0.9152184
1811,SB-017,1,multi_spike,1.8767759
1812,SB-002,1,spike,1.1670082
1813,SB-007,1,dropout,0.41986248
1814,SB-011,1,drift,1.0500934
1815,SB-010,1,multi_spike,1.2629728
1816,SB-012,1,spike,1.4690516
1817,SB-013,1,dropout,0.32304704
1818,SB-003,1,drift,0.7448402
1819,SB-006,1,multi_spike,1.447097
1820,SB-016,1,spike,0.57449085
1821,SB-010,1,dropout,0.4628673
1822,SB-004,1,drift,1.241491
1823,SB-018,1,multi_spike,2.1540234
1824,SB-009,1,spike,1.2913756
1825,SB-002,1,dropout,0.49612123
1826,SB-016,1,drift,0.8932613
1827,SB-002,1,multi_spike,1.2333469
1828,SB-012,1,spike,0.78091085
1829,SB-011,1,dropout,0.47467715
1830,SB-011,1,drift,1.063392
1831,SB-012,1,multi_spike,1.3379956
1832,SB-013,1,spike,0.7824925
1833,SB-008,1,dropout,0.51666427
1834,SB-011,1,drift,1.0774568
1835,SB-001,1,multi_spike,1.6862155
1836,SB-007,1,spike,1.3760723
1837,SB-018,1,dropout,0.8064252
1838,SB-002,1,drift,1.1933578
1839,SB-017,1,multi_spike,1.516691
1840,SB-006,1,spike,0.67513555
1841,SB-019,1,dropout,0.5892147
1842,SB-001,1,drift,0.62546664
1843,SB-001,1,multi_spike,1.1281906
1844,SB-013,1,spike,0.9641726
1845,SB-018,1,dropout,0.42591578
1846,SB-011,1,drift,0.59432924
1847,SB-016,1,multi_spike,0.99679744
1848,SB-009,1,spike,1.2116755
1849,SB-011,1,dropout,0.48184586
1850,SB-004,1,drift,0.9513317
1851,SB-004,1,multi_spike,1.0544064
1852,SB-004,1,spike,1.2196579
1853,SB-019,1,dropout,0.54223067
1854,SB-003,1,drift,0.7471181
1855,SB-006,1,multi_spike,1.4959888
1856,SB-001,1,spike,0.97746545
1857,SB-009,1,dropout,0.600202
1858,SB-015,1,drift,1.0114969
1859,SB-011,1,multi_spike,2.0590992
1860,SB-017,1,spike,1.6952484
1861,SB-005,1,dropout,0.34888864
1862,SB-014,1,drift,0.46575913
1863,SB-017,1,multi_spike,1.529209
1864,SB-010,1,spike,1.9004378
1865,SB-018,1,dropout,0.38850737
1866,SB-013,1,drift,0.5333499
1867,SB-015,1,multi_spike,0.5788461
1868,SB-011,1,spike,1.7132065
1869,SB-011,1,dropout,0.6200658
1870,SB-006,1,drift,2.0297256
1871,SB-020,1,multi_spike,2.195374
1872,SB-009,1,spike,2.488654
1873,SB-013,1,dropout,0.43926054
1874,SB-014,1,drift,1.0140321
1875,SB-019,1,multi_spike,1.3118929
1876,SB-017,1,spike,1.1214815
1877,SB-004,1,dropout,0.6784199
1878,SB-012,1,drift,0.9643455
1879,SB-009,1,multi_spike,1.765831
1880,SB-007,1,spike,1.1217273
1881,SB-002,1,dropout,0.61940217
1882,SB-018,1,drift,0.83843493
1883,SB-011,1,multi_spike,1.6009701
1884,SB-003,1,spike,1.7759119
1885,SB-017,1,dropout,0.6426901
1886,SB-017,1,drift,1.442532
1887,SB-012,1,multi_spike,1.1540041
1888,SB-010,1,spike,1.3469241
1889,SB-016,1,dropout,0.451485
1890,SB-011,1,drift,0.8231841
1891,SB-010,1,multi_spike,1.4415276
1892,SB-003,1,spike,1.3038931
1893,SB-017,1,dropout,0.68896544
1894,SB-011,1,drift,0.8636798
1895,SB-016,1,multi_spike,1.8408854
1896,SB-012,1,spike,0.9399648
1897,SB-013,1,dropout,0.52496403
1898,SB-008,1,drift,0.44899794
1899,SB-013,1,multi_spike,1.5019616
1900,SB-011,1,spike,0.7523876
1901,SB-016,1,dropout,0.56495005
1902,SB-004,1,drift,1.7786056
1903,SB-007,1,multi_spike,1.7816528
1904,SB-003,1,spike,0.7277826
1905,SB-012,1,dropout,0.54815435
1906,SB-018,1,drift,0.7637736
1907,SB-020,1,multi_spike,2.1148365
1908,SB-012,1,spike,1.646106
1909,SB-014,1,dropout,0.75497895
1910,SB-006,1,drift,0.62143075
1911,SB-011,1,multi_spike,3.048671
1912,SB-012,1,spike,1.1010717
1913,SB-010,1,dropout,0.41884884
1914,SB-005,1,drift,0.87910956
1915,SB-015,1,multi_spike,1.4297261
1916,SB-006,1,spike,0.77329415
1917,SB-014,1,dropout,0.4172563
1918,SB-014,1,drift,1.6596286
1919,SB-010,1,multi_spike,1.5238291
1920,SB-016,1,spike,0.9522974
1921,SB-007,1,dropout,0.5868943
1922,SB-013,1,drift,0.5707008
1923,SB-018,1,multi_spike,1.6788174
1924,SB-007,1,spike,0.68639135
1925,SB-011,1,dropout,0.53059167
1926,SB-018,1,drift,1.4939835
1927,SB-017,1,multi_spike,1.108108
1928,SB-004,1,spike,1.9715061
1929,SB-017,1,dropout,0.5156584
1930,SB-008,1,drift,1.1768494
1931,SB-010,1,multi_spike,1.8970426
1932,SB-005,1,spike,0.6543621
1933,SB-008,1,dropout,0.5566513
1934,SB-004,1,drift,0.41161016
1935,SB-005,1,multi_spike,0.67012703
1936,SB-007,1,spike,1.2070765
1937,SB-002,1,dropout,0.46472517
1938,SB-010,1,drift,0.7122097
1939,SB-007,1,multi_spike,1.1498195
1940,SB-012,1,spike,1.1070197
1941,SB-006,1,dropout,0.52326566
1942,SB-003,1,drift,1.3922466
1943,SB-016,1,multi_spike,1.5108
1944,SB-019,1,spike,2.066949
1945,SB-002,1,dropout,0.80302405
1946,SB-016,1,drift,1.1291553
1947,SB-004,1,multi_spike,1.4568946
1948,SB-019,1,spike,1.7041587
1949,SB-012,1,dropout,0.6205055
1950,SB-011,1,drift,1.5169612
1951,SB-020,1,multi_spike,1.3151759
1952,SB-001,1,spike,3.3116202
1953,SB-009,1,dropout,0.33123186
1954,SB-006,1,drift,0.511268
1955,SB-003,1,multi_spike,1.3600075
1956,SB-008,1,spike,0.97349054
1957,SB-007,1,dropout,0.39147857
1958,SB-004,1,drift,0.71709096
1959,SB-008,1,multi_spike,1.1471
1960,SB-002,1,spike,1.3211335
1961,SB-018,1,dropout,0.51781917
1962,SB-016,1,drift,1.3895682
1963,SB-012,1,multi_spike,1.517276
1964,SB-003,1,spike,0.6140496
1965,SB-019,1,dropout,0.7570671
1966,SB-017,1,drift,0.9786427
1967,SB-014,1,multi_spike,1.5740765
1968,SB-016,1,spike,0.71562046
1969,SB-008,1,dropout,0.5587179
1970,SB-001,1,drift,1.1680123
1971,SB-001,1,multi_spike,1.3431777
1972,SB-003,1,spike,0.5586424
1973,SB-010,1,dropout,0.5292679
1974,SB-018,1,drift,2.0109062
1975,SB-007,1,multi_spike,1.4863474
1976,SB-005,1,spike,1.3471957
1977,SB-012,1,dropout,0.505426
1978,SB-007,1,drift,0.911168
1979,SB-002,1,multi_spike,2.105409
1980,SB-003,1,spike,1.4185169
1981,SB-001,1,dropout,0.681826
1982,SB-015,1,drift,0.6899045
1983,SB-009,1,multi_spike,1.2389367
1984,SB-001,1,spike,1.8374847
1985,SB-017,1,dropout,0.46878046
1986,SB-012,1,drift,0.9029484
1987,SB-007,1,multi_spike,0.98692185
1988,SB-004,1,spike,2.2082155
1989,SB-007,1,dropout,0.45765
1990,SB-013,1,drift,0.8255558
1991,SB-012,1,multi_spike,1.8493999
1992,SB-003,1,spike,1.0958828
1993,SB-015,1,dropout,0.44288176
1994,SB-020,1,drift,1.075142
1995,SB-012,1,multi_spike,1.9416678
1996,SB-007,1,spike,1.2130814
1997,SB-012,1,dropout,0.6248676
1998,SB-002,1,drift,0.5339144
1999,SB-009,1,multi_spike,1.0894914
2000,SB-006,1,spike,1.7032518
2001,SB-008,1,dropout,0.6140335
2002,SB-013,1,drift,0.96510726
2003,SB-011,1,multi_spike,1.5479503
2004,SB-004,1,spike,1.4588366
2005,SB-005,1,dropout,0.6807542
2006,SB-011,1,drift,1.6997554
2007,SB-002,1,multi_spike,2.2631862
2008,SB-017,1,spike,1.3517725
2009,SB-012,1,dropout,0.4203191
2010,SB-015,1,drift,1.6759171
2011,SB-005,1,multi_spike,1.4210521
2012,SB-005,1,spike,1.154096
2013,SB-007,1,dropout,0.66017705
2014,SB-012,1,drift,0.9524348
2015,SB-006,1,multi_spike,1.4092296
2016,SB-003,1,spike,1.0090948
2017,SB-001,1,dropout,0.659151
2018,SB-014,1,drift,0.76870203
2019,SB-004,1,multi_spike,0.82528853
2020,SB-012,1,spike,0.5223215
2021,SB-006,1,dropout,0.90927625
2022,SB-008,1,drift,0.49016938
2023,SB-016,1,multi_spike,1.1046073
2024,SB-010,1,spike,1.1334928
2025,SB-016,1,dropout,0.7923875
2026,SB-020,1,drift,0.6996125
2027,SB-019,1,multi_spike,2.254374
2028,SB-006,1,spike,0.7377799
2029,SB-004,1,dropout,0.5571881
2030,SB-004,1,drift,1.3385205
2031,SB-006,1,multi_spike,2.6185558
2032,SB-007,1,spike,1.0520566
2033,SB-015,1,dropout,0.44480038
2034,SB-013,1,drift,1.045931
2035,SB-006,1,multi_spike,1.8447099
2036,SB-001,1,spike,1.1303253
2037,SB-016,1,dropout,0.82365304
2038,SB-007,1,drift,0.815156
2039,SB-005,1,multi_spike,1.0853852
2040,SB-005,1,spike,0.6545329
2041,SB-020,1,dropout,0.6438181
2042,SB-018,1,drift,1.2979964
2043,SB-015,1,multi_spike,2.5784183
2044,SB-016,1,spike,2.6394467
2045,SB-010,1,dropout,0.57657236
2046,SB-004,1,drift,1.738402
2047,SB-020,1,multi_spike,0.9741581
2048,SB-001,1,spike,1.0060682
2049,SB-013,1,dropout,0.50868714
2050,SB-001,1,drift,1.7463912
2051,SB-002,1,multi_spike,2.3674698
2052,SB-004,1,spike,1.2742139
2053,SB-005,1,dropout,0.58385736
2054,SB-015,1,drift,1.068688
2055,SB-009,1,multi_spike,0.847625
2056,SB-003,1,spike,0.7337706
2057,SB-012,1,dropout,0.37319922
2058,SB-002,1,drift,0.59238756
2059,SB-011,1,multi_spike,1.8793412
2060,SB-004,1,spike,0.8510313
2061,SB-015,1,dropout,0.506835
2062,SB-009,1,drift,1.5834184
2063,SB-002,1,multi_spike,1.4184881
2064,SB-012,1,spike,1.3071877
2065,SB-020,1,dropout,0.50164646
2066,SB-019,1,drift,1.1520793
2067,SB-011,1,multi_spike,1.4353101
2068,SB-002,1,spike,0.63051605
2069,SB-007,1,dropout,0.68150634
2070,SB-010,1,drift,1.0634167
2071,SB-003,1,multi_spike,1.1515636
2072,SB-003,1,spike,0.95797104
2073,SB-013,1,dropout,0.61149824
2074,SB-011,1,drift,0.89660037
2075,SB-005,1,multi_spike,1.0105364
2076,SB-004,1,spike,1.2700766
2077,SB-001,1,dropout,0.6413648
2078,SB-014,1,drift,0.5651776
2079,SB-017,1,multi_spike,1.7864844
2080,SB-006,1,spike,1.4221791
2081,SB-005,1,dropout,0.6267296
2082,SB-016,1,drift,0.77745175
2083,SB-011,1,multi_spike,1.5375372
2084,SB-012,1,spike,0.96493244
2085,SB-013,1,dropout,0.46473235
2086,SB-013,1,drift,0.90360135
2087,SB-019,1,multi_spike,1.6261128
2088,SB-001,1,spike,0.98650634
2089,SB-008,1,dropout,0.36139488
2090,SB-014,1,drift,0.70718974
2091,SB-008,1,multi_spike,1.219011
2092,SB-011,1,spike,0.9537439
2093,SB-002,1,dropout,0.7705222
2094,SB-012,1,drift,0.9487661
2095,SB-015,1,multi_spike,2.0937972
2096,SB-012,1,spike,2.1915193
2097,SB-005,1,dropout,0.4988727
2098,SB-005,1,drift,2.3162942
2099,SB-016,1,multi_spike,1.6693865
2100,SB-018,1,spike,0.88514775
2101,SB-016,1,dropout,0.366683
2102,SB-002,1,drift,0.6217403
2103,SB-009,1,multi_spike,1.006527
2104,SB-017,1,spike,1.7034417
2105,SB-011,1,dropout,0.72778916
2106,SB-016,1,drift,0.63273764
2107,SB-017,1,multi_spike,1.0795667
2108,SB-012,1,spike,2.0670166
2109,SB-001,1,dropout,0.51797414
2110,SB-001,1,drift,0.91656625
2111,SB-010,1,multi_spike,1.1882896
2112,SB-010,1,spike,2.259845
2113,SB-007,1,dropout,0.465683
2114,SB-016,1,drift,0.80518883
2115,SB-012,1,multi_spike,1.7252048
2116,SB-005,1,spike,0.89257574
2117,SB-012,1,dropout,0.7149533
2118,SB-005,1,drift,0.8049548
2119,SB-009,1,multi_spike,1.2699096
2120,SB-012,1,spike,1.3018608
2121,SB-002,1,dropout,0.57372683
2122,SB-013,1,drift,1.189207
2123,SB-018,1,multi_spike,1.1714631
2124,SB-006,1,spike,1.694289
2125,SB-015,1,dropout,0.50894237
2126,SB-005,1,drift,0.9058239
2127,SB-004,1,multi_spike,1.0620605
2128,SB-020,1,spike,0.9333867
2129,SB-016,1,dropout,0.74253905
2130,SB-018,1,drift,0.45963147
2131,SB-012,1,multi_spike,2.3593245
2132,SB-015,1,spike,1.2077127
2133,SB-016,1,dropout,0.57583123
2134,SB-002,1,drift,0.95057946
2135,SB-008,1,multi_spike,1.8969462
2136,SB-001,1,spike,0.9642848
2137,SB-006,1,dropout,0.6062201
2138,SB-020,1,drift,0.7627036
2139,SB-001,1,multi_spike,1.924219
2140,SB-016,1,spike,1.426164
2141,SB-005,1,dropout,0.43097758
2142,SB-008,1,drift,1.4274261
2143,SB-014,1,multi_spike,1.3665648
2144,SB-013,1,spike,0.71304625
2145,SB-011,1,dropout,0.644679
2146,SB-013,1,drift,0.67755985
2147,SB-008,1,multi_spike,2.1912866
2148,SB-006,1,spike,1.1412098
2149,SB-001,1,dropout,0.50540864
2150,SB-008,1,drift,0.8493684
2151,SB-018,1,multi_spike,1.2948015
2152,SB-018,1,spike,0.93049544
2153,SB-016,1,dropout,0.4202023
2154,SB-017,1,drift,1.4831115
2155,SB-006,1,multi_spike,1.0440687
2156,SB-013,1,spike,0.67426527
2157,SB-002,1,dropout,0.58193594
2158,SB-006,1,drift,0.9888663
2159,SB-016,1,multi_spike,1.8065466
2160,SB-005,1,spike,1.0511954
2161,SB-003,1,dropout,0.6211126
2162,SB-003,1,drift,2.0741565
2163,SB-007,1,multi_spike,1.4811536
2164,SB-016,1,spike,0.6155405
2165,SB-009,1,dropout,0.393479
2166,SB-017,1,drift,1.2545062
2167,SB-005,1,multi_spike,1.3894055
2168,SB-013,1,spike,1.6786139
2169,SB-008,1,dropout,0.5410517
2170,SB-009,1,drift,0.8356915
2171,SB-014,1,multi_spike,0.8468341
2172,SB-009,1,spike,1.399648
2173,SB-003,1,dropout,0.7612179
2174,SB-010,1,drift,1.0941879
2175,SB-004,1,multi_spike,1.7088475
2176,SB-015,1,spike,0.8271175
2177,SB-003,1,dropout,0.6298333
2178,SB-016,1,drift,0.97280943
2179,SB-016,1,multi_spike,1.4582385
2180,SB-012,1,spike,2.5333858
2181,SB-020,1,dropout,0.6665521
2182,SB-006,1,drift,0.94210565
2183,SB-018,1,multi_spike,2.233881
2184,SB-012,1,spike,0.6758032
2185,SB-009,1,dropout,0.512264
2186,SB-019,1,drift,2.014512
2187,SB-001,1,multi_spike,1.4012699
2188,SB-011,1,spike,1.6965349
2189,SB-009,1,dropout,0.71758896
2190,SB-001,1,drift,0.7195994
2191,SB-002,1,multi_spike,2.2580423
2192,SB-013,1,spike,0.5894871
2193,SB-008,1,dropout,0.50493157
2194,SB-011,1,drift,1.0667984
2195,SB-008,1,multi_spike,2.244528
2196,SB-001,1,spike,1.6305871
2197,SB-020,1,dropout,0.62988466
2198,SB-019,1,drift,1.1653274
2199,SB-010,1,multi_spike,0.76202303
2200,SB-013,1,spike,0.6606917
2201,SB-007,1,dropout,0.4420404
2202,SB-004,1,drift,1.565506
2203,SB-012,1,multi_spike,1.6083968
2204,SB-005,1,spike,2.302049
2205,SB-005,1,dropout,0.6133287
2206,SB-019,1,drift,0.84730136
2207,SB-020,1,multi_spike,1.1448206
2208,SB-002,1,spike,0.7721558
2209,SB-013,1,dropout,0.48240343
2210,SB-004,1,drift,0.6559404
2211,SB-016,1,multi_spike,1.8613232
2212,SB-016,1,spike,0.7591692
2213,SB-019,1,dropout,0.6066931
2214,SB-014,1,drift,0.5565126
2215,SB-019,1,multi_spike,1.2576076
2216,SB-002,1,spike,0.95833546
2217,SB-019,1,dropout,0.56496125
2218,SB-013,1,drift,1.0588839
2219,SB-019,1,multi_spike,1.7362875
2220,SB-002,1,spike,1.2769637
2221,SB-020,1,dropout,0.54973036
2222,SB-007,1,drift,0.7584402
2223,SB-013,1,multi_spike,1.4682312
2224,SB-012,1,spike,1.2412972
2225,SB-005,1,dropout,0.6360625
2226,SB-011,1,drift,1.5522546
2227,SB-010,1,multi_spike,1.6690493
2228,SB-016,1,spike,1.1870176
2229,SB-004,1,dropout,0.55615807
2230,SB-004,1,drift,1.3176831
2231,SB-009,1,multi_spike,1.7814336
2232,SB-016,1,spike,0.8042967
2233,SB-014,1,dropout,0.5263271
2234,SB-020,1,drift,1.1486057
2235,SB-002,1,multi_spike,2.2600465
2236,SB-013,1,spike,0.6002583
2237,SB-007,1,dropout,0.58598095
2238,SB-019,1,drift,0.5538495
2239,SB-004,1,multi_spike,0.93684834
2240,SB-014,1,spike,1.7776251
2241,SB-014,1,dropout,0.74714136
2242,SB-001,1,drift,1.6097503
2243,SB-012,1,multi_spike,1.0826348
2244,SB-005,1,spike,1.2810005
2245,SB-002,1,dropout,0.61364466
2246,SB-018,1,drift,0.67471325
2247,SB-008,1,multi_spike,1.0569482
2248,SB-003,1,spike,1.5761847
2249,SB-002,1,dropout,0.48285633
2250,SB-020,1,drift,0.6645688
2251,SB-009,1,multi_spike,1.3732783
2252,SB-003,1,spike,2.0117872
2253,SB-018,1,dropout,0.4940831
2254,SB-004,1,drift,1.0271345
2255,SB-008,1,multi_spike,1.9903765
2256,SB-004,1,spike,1.1394057
2257,SB-018,1,dropout,0.5914342
2258,SB-019,1,drift,0.6536519
2259,SB-005,1,multi_spike,0.99655825
2260,SB-010,1,spike,0.9645854
2261,SB-011,1,dropout,0.61758995
2262,SB-004,1,drift,1.341031
2263,SB-014,1,multi_spike,1.6216646
2264,SB-001,1,spike,0.50094444
2265,SB-015,1,dropout,0.6833842
2266,SB-019,1,drift,1.6427313
2267,SB-005,1,multi_spike,0.98381716
2268,SB-014,1,spike,2.8216002
2269,SB-008,1,dropout,0.3908027
2270,SB-013,1,drift,1.260567
2271,SB-010,1,multi_spike,1.3768959
2272,SB-019,1,spike,0.71824044
2273,SB-017,1,dropout,0.49604914
2274,SB-018,1,drift,0.8683012
2275,SB-012,1,multi_spike,1.526431
2276,SB-014,1,spike,1.1983029
2277,SB-009,1,dropout,0.58791596
2278,SB-002,1,drift,0.73643714
2279,SB-007,1,multi_spike,1.2517242
2280,SB-004,1,spike,0.71721244
2281,SB-006,1,dropout,0.44545072
2282,SB-016,1,drift,1.293702
2283,SB-011,1,multi_spike,1.2311691
2284,SB-002,1,spike,2.5193114
2285,SB-005,1,dropout,0.5580085
2286,SB-012,1,drift,0.42368776
2287,SB-009,1,multi_spike,1.5020041
2288,SB-018,1,spike,3.2390385
2289,SB-007,1,dropout,0.6512417
2290,SB-015,1,drift,0.7580165
2291,SB-010,1,multi_spike,1.7504702
2292,SB-005,1,spike,1.4907358
2293,SB-004,1,dropout,0.5871956
2294,SB-017,1,drift,0.9072424
2295,SB-016,1,multi_spike,0.702696
2296,SB-018,1,spike,0.93148434
2297,SB-006,1,dropout,0.3916715
2298,SB-010,1,drift,0.9813037
2299,SB-010,1,multi_spike,1.1872667
2300,SB-006,1,spike,1.0797143
2301,SB-009,1,dropout,0.38313088
2302,SB-008,1,drift,2.371217
2303,SB-020,1,multi_spike,1.1332009
2304,SB-010,1,spike,2.1333334
2305,SB-016,1,dropout,0.5189966
2306,SB-002,1,drift,1.6077543
2307,SB-003,1,multi_spike,1.7722487
2308,SB-010,1,spike,0.7684749
2309,SB-013,1,dropout,0.52116096
2310,SB-004,1,drift,0.5899242
2311,SB-001,1,multi_spike,1.5436735
2312,SB-020,1,spike,2.0476031
2313,SB-003,1,dropout,0.34871313
2314,SB-004,1,drift,0.7007179
2315,SB-010,1,multi_spike,1.3367953
2316,SB-004,1,spike,1.8665266
2317,SB-019,1,dropout,0.52838445
2318,SB-002,1,drift,1.4513496
2319,SB-015,1,multi_spike,1.2667881
2320,SB-001,1,spike,0.72103393
2321,SB-005,1,dropout,0.5380211
2322,SB-014,1,drift,0.64051265
2323,SB-002,1,multi_spike,1.1442928
2324,SB-015,1,spike,0.9301919
2325,SB-013,1,dropout,0.48820633
2326,SB-018,1,drift,0.9642481
2327,SB-010,1,multi_spike,1.8656754
2328,SB-008,1,spike,1.6560075
2329,SB-017,1,dropout,0.5238894
2330,SB-008,1,drift,0.5409859
2331,SB-002,1,multi_spike,1.8992022
2332,SB-015,1,spike,2.3615654
2333,SB-002,1,dropout,0.48484302
2334,SB-010,1,drift,0.5039702
2335,SB-002,1,multi_spike,1.4842229
2336,SB-009,1,spike,1.1539406
2337,SB-020,1,dropout,0.46821213
2338,SB-018,1,drift,1.591055
2339,SB-010,1,multi_spike,1.526239
2340,SB-019,1,spike,0.49319088
2341,SB-017,1,dropout,0.72887874
2342,SB-004,1,drift,0.86023694
2343,SB-012,1,multi_spike,1.0997396
2344,SB-008,1,spike,0.5532117
2345,SB-007,1,dropout,0.5598381
2346,SB-019,1,drift,0.6967443
2347,SB-013,1,multi_spike,1.8112062
2348,SB-020,1,spike,1.1066284
2349,SB-020,1,dropout,0.576365
2350,SB-012,1,drift,0.84391624
2351,SB-018,1,multi_spike,0.80089444
2352,SB-001,1,spike,1.0501647
2353,SB-008,1,dropout,0.5294292
2354,SB-019,1,drift,1.0867738
2355,SB-002,1,multi_spike,1.0469251
2356,SB-005,1,spike,1.6485286
2357,SB-016,1,dropout,0.6718198
2358,SB-008,1,drift,1.3236367
2359,SB-015,1,multi_spike,1.4920237
2360,SB-015,1,spike,0.7154392
2361,SB-014,1,dropout,0.60551405
2362,SB-003,1,drift,1.6080875
2363,SB-004,1,multi_spike,1.0212185
2364,SB-007,1,spike,0.9284788
2365,SB-002,1,dropout,0.634981
2366,SB-014,1,drift,0.868198
2367,SB-005,1,multi_spike,1.5242912
2368,SB-010,1,spike,1.4545077
2369,SB-002,1,dropout,0.5719597
2370,SB-015,1,drift,1.051205
2371,SB-009,1,multi_spike,1.0519536
2372,SB-015,1,spike,0.91096205
2373,SB-003,1,dropout,0.495346
2374,SB-020,1,drift,1.1159054
2375,SB-016,1,multi_spike,1.0782614
2376,SB-002,1,spike,1.9346056
2377,SB-004,1,dropout,0.49686638
2378,SB-001,1,drift,0.82104796
2379,SB-019,1,multi_spike,2.7517686
2380,SB-015,1,spike,1.0964371
2381,SB-008,1,dropout,0.50079376
2382,SB-013,1,drift,1.034393
2383,SB-010,1,multi_spike,1.662181
2384,SB-016,1,spike,1.0285037
2385,SB-005,1,dropout,0.5276623
2386,SB-014,1,drift,1.2877051
2387,SB-001,1,multi_spike,1.2213128
2388,SB-006,1,spike,1.0306654
2389,SB-004,1,dropout,0.510995
2390,SB-007,1,drift,0.5789841
2391,SB-007,1,multi_spike,1.106505
2392,SB-008,1,spike,1.3060757
2393,SB-010,1,dropout,0.4967419
2394,SB-009,1,drift,2.044067
2395,SB-005,1,multi_spike,1.7418588
2396,SB-004,1,spike,0.800807
2397,SB-005,1,dropout,0.6086051
2398,SB-006,1,drift,0.5426718
2399,SB-002,1,multi_spike,1.978653
2400,SB-015,1,spike,1.1691746
2401,SB-014,1,dropout,0.5429448
2402,SB-004,1,drift,0.84149176
2403,SB-011,1,multi_spike,1.3080943
2404,SB-016,1,spike,0.6925887
2405,SB-007,1,dropout,0.47606003
2406,SB-009,1,drift,0.7939071
2407,SB-006,1,multi_spike,2.892763
2408,SB-020,1,spike,1.010235
2409,SB-002,1,dropout,0.67556965
2410,SB-002,1,drift,0.8249232
2411,SB-001,1,multi_spike,1.5002769
2412,SB-003,1,spike,0.9223857
2413,SB-001,1,dropout,0.6642648
2414,SB-004,1,drift,0.89099246
2415,SB-015,1,multi_spike,1.0763484
2416,SB-009,1,spike,0.99360615
2417,SB-015,1,dropout,0.53864783
2418,SB-018,1,drift,0.89707565
2419,SB-007,1,multi_spike,1.6095433
2420,SB-012,1,spike,1.6709355
2421,SB-011,1,dropout,0.4628659
2422,SB-015,1,drift,0.8433611
2423,SB-015,1,multi_spike,1.5653429
2424,SB-005,1,spike,2.3016431
2425,SB-008,1,dropout,0.67712194
2426,SB-015,1,drift,0.86339825
2427,SB-014,1,multi_spike,1.1173563
2428,SB-017,1,spike,1.2311202
2429,SB-020,1,dropout,0.6133291
2430,SB-008,1,drift,0.46076983
2431,SB-009,1,multi_spike,1.7295585
2432,SB-007,1,spike,0.77059454
2433,SB-001,1,dropout,0.31957588
2434,SB-005,1,drift,1.0237252
2435,SB-009,1,multi_spike,1.5976642
2436,SB-019,1,spike,2.0257268
2437,SB-008,1,dropout,0.63873196
2438,SB-007,1,drift,0.622887
2439,SB-016,1,multi_spike,1.3222874
2440,SB-010,1,spike,1.5359825
2441,SB-006,1,dropout,0.5462412
2442,SB-003,1,drift,0.5412095
2443,SB-016,1,multi_spike,0.99059623
2444,SB-005,1,spike,2.1935682
2445,SB-018,1,dropout,0.46994808
2446,SB-012,1,drift,0.5732262
2447,SB-016,1,multi_spike,1.9633741
2448,SB-008,1,spike,0.88162464
2449,SB-005,1,dropout,0.43689975
2450,SB-018,1,drift,1.1056452
2451,SB-004,1,multi_spike,1.1740208
2452,SB-019,1,spike,1.1310762
2453,SB-011,1,dropout,0.48141447
2454,SB-012,1,drift,0.8923971
2455,SB-002,1,multi_spike,1.0212
2456,SB-019,1,spike,2.0649204
2457,SB-007,1,dropout,0.45362347
2458,SB-013,1,drift,0.54954964
2459,SB-002,1,multi_spike,0.72822994
2460,SB-006,1,spike,1.344082
2461,SB-002,1,dropout,0.6880052
2462,SB-007,1,drift,1.0242368
2463,SB-014,1,multi_spike,1.5599114
2464,SB-003,1,spike,0.6301361
2465,SB-005,1,dropout,0.6051616
2466,SB-010,1,drift,1.0386924
2467,SB-013,1,multi_spike,1.460297
2468,SB-019,1,spike,2.7265277
2469,SB-005,1,dropout,0.28785536
2470,SB-007,1,drift,0.9405725
2471,SB-012,1,multi_spike,1.2385517
2472,SB-006,1,spike,0.6976259
2473,SB-017,1,dropout,0.65199506
2474,SB-013,1,drift,1.0992603
2475,SB-008,1,multi_spike,1.5224406
2476,SB-020,1,spike,1.784691
2477,SB-009,1,dropout,0.7172368
2478,SB-011,1,drift,0.70676035
2479,SB-008,1,multi_spike,1.9026538
2480,SB-001,1,spike,1.1324793
2481,SB-001,1,dropout,0.5344052
2482,SB-019,1,drift,1.7028704
2483,SB-018,1,multi_spike,2.2735498
2484,SB-009,1,spike,0.86662406
2485,SB-006,1,dropout,0.43023744
2486,SB-005,1,drift,0.6724396
2487,SB-010,1,multi_spike,2.571091
2488,SB-017,1,spike,1.2281699
2489,SB-016,1,dropout,0.46031442
2490,SB-019,1,drift,1.0451988
2491,SB-011,1,multi_spike,0.9488231
2492,SB-012,1,spike,1.5332621
2493,SB-006,1,dropout,0.7167993
2494,SB-014,1,drift,1.0877149
2495,SB-019,1,multi_spike,2.2929456
2496,SB-016,1,spike,1.1332072
2497,SB-009,1,dropout,0.5578371
2498,SB-006,1,drift,1.7195371
2499,SB-015,1,multi_spike,1.2588316
2500,SB-001,0,none,0.704017
2501,SB-001,0,none,0.68496466
2502,SB-008,0,none,0.62279093
2503,SB-001,0,none,0.35004032
2504,SB-017,0,none,0.7930587
2505,SB-009,0,none,0.7887568
2506,SB-005,0,none,0.6329831
2507,SB-011,0,none,0.5035088
2508,SB-012,0,none,0.5809856
2509,SB-016,0,none,0.46056432
2510,SB-017,0,none,0.7865324
2511,SB-006,0,none,0.48592353
2512,SB-008,0,none,0.49079815
2513,SB-008,0,none,0.7135088
2514,SB-020,0,none,0.4448095
2515,SB-001,0,none,0.48094833
2516,SB-013,0,none,0.42674306
2517,SB-018,0,none,0.8319444
2518,SB-004,0,none,0.4136855
2519,SB-019,0,none,0.5541677
2520,SB-015,0,none,0.43609768
2521,SB-008,0,none,0.8072822
2522,SB-014,0,none,0.6161271
2523,SB-016,0,none,0.6263431
2524,SB-014,0,none,0.7044431
2525,SB-010,0,none,0.63263714
2526,SB-020,0,none,0.52674717
2527,SB-006,0,none,0.60111177
2528,SB-015,0,none,0.63309705
2529,SB-015,0,none,0.6240237
2530,SB-018,0,none,0.46965355
2531,SB-012,0,none,0.47380045
2532,SB-018,0,none,0.3828403
2533,SB-012,0,none,0.84838605
2534,SB-003,0,none,0.916671
2535,SB-014,0,none,0.44426888
2536,SB-014,0,none,0.5144033
2537,SB-011,0,none,0.688138
2538,SB-014,0,none,0.64285016
2539,SB-011,0,none,0.610578
2540,SB-020,0,none,0.69334877
2541,SB-002,0,none,0.49100807
2542,SB-012,0,none,0.8508797
2543,SB-006,0,none,0.47400025
2544,SB-014,0,none,0.5114259
2545,SB-014,0,none,0.5266406
2546,SB-019,0,none,0.6967347
2547,SB-011,0,none,0.5820613
2548,SB-013,0,none,0.4800182
2549,SB-012,0,none,0.5605336
2550,SB-013,0,none,0.3476249
2551,SB-007,0,none,0.3932061
2552,SB-018,0,none,0.41468263
2553,SB-002,0,none,0.30707207
2554,SB-003,0,none,0.5407557
2555,SB-012,0,none,0.5736295
2556,SB-011,0,none,0.5352928
2557,SB-011,0,none,0.6879796
2558,SB-010,0,none,0.6896592
2559,SB-005,0,none,0.52617294
2560,SB-008,0,none,0.5850961
2561,SB-011,0,none,0.40208375
2562,SB-013,0,none,0.5657885
2563,SB-006,0,none,0.4126504
2564,SB-018,0,none,0.65235525
2565,SB-014,0,none,0.5387812
2566,SB-019,0,none,0.7104111
2567,SB-014,0,none,0.6382903
2568,SB-019,0,none,0.5415653
2569,SB-020,0,none,0.44718397
2570,SB-017,0,none,0.6097087
2571,SB-016,0,none,0.60050416
2572,SB-002,0,none,0.4568254
2573,SB-020,0,none,0.5538567
2574,SB-019,0,none,0.7077678
2575,SB-005,0,none,0.42749298
2576,SB-020,0,none,0.4880987
2577,SB-015,0,none,0.8155276
2578,SB-019,0,none,0.45933235
2579,SB-017,0,none,0.65009487
2580,SB-002,0,none,0.30058712
2581,SB-003,0,none,0.54709405
2582,SB-015,0,none,0.42618504
2583,SB-006,0,none,0.47693548
2584,SB-017,0,none,0.65216714
2585,SB-014,0,none,0.75573224
2586,SB-018,0,none,0.6340904
2587,SB-004,0,none,0.46748763
2588,SB-018,0,none,0.6605743
2589,SB-015,0,none,0.7615935
2590,SB-008,0,none,0.49380234
2591,SB-016,0,none,0.5529479
2592,SB-004,0,none,0.48974305
2593,SB-018,0,none,0.56953186
2594,SB-010,0,none,0.4998278
2595,SB-004,0,none,0.5801893
2596,SB-004,0,none,0.59107506
2597,SB-005,0,none,0.5544424
2598,SB-011,0,none,0.56096816
2599,SB-012,0,none,0.58171386
2600,SB-007,0,none,0.43855932
2601,SB-006,0,none,0.5870381
2602,SB-015,0,none,0.32905877
2603,SB-018,0,none,0.55134094
2604,SB-019,0,none,0.7752675
2605,SB-003,0,none,0.32942793
2606,SB-004,0,none,0.6141936
2607,SB-015,0,none,0.5737744
2608,SB-010,0,none,0.39173296
2609,SB-014,0,none,0.6201245
2610,SB-019,0,none,0.4553318
2611,SB-009,0,none,0.593599
2612,SB-011,0,none,0.5380059
2613,SB-006,0,none,0.46221298
2614,SB-013,0,none,0.45421845
2615,SB-011,0,none,0.48544097
2616,SB-001,0,none,0.68184257
2617,SB-019,0,none,0.6876069
2618,SB-002,0,none,0.5431656
2619,SB-012,0,none,0.7460779
2620,SB-007,0,none,0.65405226
2621,SB-015,0,none,0.7299226
2622,SB-020,0,none,0.5499592
2623,SB-001,0,none,0.5406967
2624,SB-014,0,none,0.3877777
2625,SB-018,0,none,0.6732032
2626,SB-009,0,none,0.44897738
2627,SB-004,0,none,0.48011577
2628,SB-006,0,none,0.51427084
2629,SB-017,0,none,0.48430076
2630,SB-016,0,none,0.61704814
2631,SB-003,0,none,0.64894146
2632,SB-018,0,none,0.6971132
2633,SB-016,0,none,0.5719165
2634,SB-018,0,none,0.58443654
2635,SB-015,0,none,0.67041487
2636,SB-015,0,none,0.4098056
2637,SB-015,0,none,0.5591182
2638,SB-012,0,none,0.6159838
2639,SB-003,0,none,0.35009864
2640,SB-001,0,none,0.4863838
2641,SB-006,0,none,0.5573446
2642,SB-016,0,none,0.6556611
2643,SB-009,0,none,0.53621787
2644,SB-011,0,none,0.42557663
2645,SB-013,0,none,0.45752007
2646,SB-017,0,none,0.55390966
2647,SB-019,0,none,0.5148841
2648,SB-019,0,none,0.7897181
2649,SB-013,0,none,0.67316264
2650,SB-017,0,none,0.68667096
2651,SB-008,0,none,0.6119517
2652,SB-009,0,none,0.54230016
2653,SB-005,0,none,0.7125522
2654,SB-018,0,none,0.7789928
2655,SB-016,0,none,0.59238267
2656,SB-009,0,none,0.6188644
2657,SB-015,0,none,0.39738843
2658,SB-017,0,none,0.5775362
2659,SB-015,0,none,0.4353501
2660,SB-011,0,none,0.6750733
2661,SB-002,0,none,0.28208295
2662,SB-014,0,none,0.47571513
2663,SB-014,0,none,0.63747466
2664,SB-016,0,none,0.53267944
2665,SB-001,0,none,0.5904794
2666,SB-015,0,none,0.5645692
2667,SB-003,0,none,0.44171622
2668,SB-001,0,none,0.52961206
2669,SB-004,0,none,0.569481
2670,SB-020,0,none,0.59668183
2671,SB-017,0,none,0.6253966
2672,SB-004,0,none,0.4917941
2673,SB-006,0,none,0.5406101
2674,SB-013,0,none,0.73517925
2675,SB-007,0,none,0.49761143
2676,SB-015,0,none,0.5390795
2677,SB-014,0,none,0.47825092
2678,SB-015,0,none,0.31622776
2679,SB-008,0,none,0.45066258
2680,SB-019,0,none,0.7927635
2681,SB-005,0,none,0.60009104
2682,SB-015,0,none,0.5916454
2683,SB-006,0,none,0.36235878
2684,SB-010,0,none,0.5316102
2685,SB-013,0,none,0.7039587
2686,SB-010,0,none,0.5719035
2687,SB-011,0,none,0.6012213
2688,SB-002,0,none,0.9115042
2689,SB-019,0,none,0.54727954
2690,SB-003,0,none,0.38593906
2691,SB-013,0,none,0.67677796
2692,SB-017,0,none,0.93509
2693,SB-011,0,none,0.47902742
2694,SB-020,0,none,0.6934735
2695,SB-014,0,none,0.63177997
2696,SB-002,0,none,0.38184562
2697,SB-014,0,none,0.6399635
2698,SB-017,0,none,0.43322948
2699,SB-013,0,none,0.48069352
2700,SB-018,0,none,0.6923522
2701,SB-020,0,none,0.54108953
2702,SB-008,0,none,0.7568355
2703,SB-020,0,none,0.61822325
2704,SB-003,0,none,0.5599978
2705,SB-006,0,none,0.5151286
2706,SB-017,0,none,0.5034552
2707,SB-009,0,none,0.56283706
2708,SB-013,0,none,0.43739337
2709,SB-012,0,none,0.7657867
2710,SB-007,0,none,0.38959536
2711,SB-010,0,none,0.4091899
2712,SB-006,0,none,0.4211342
2713,SB-016,0,none,0.54927254
2714,SB-013,0,none,0.53129506
2715,SB-010,0,none,0.51867133
2716,SB-002,0,none,0.58082134
2717,SB-020,0,none,0.5278326
2718,SB-009,0,none,0.64193815
2719,SB-012,0,none,0.5338673
2720,SB-006,0,none,0.50838864
2721,SB-011,0,none,0.65783274
2722,SB-016,0,none,0.45525298
2723,SB-009,0,none,0.6055096
2724,SB-007,0,none,0.31656638
2725,SB-003,0,none,0.5070076
2726,SB-013,0,none,0.54660624
2727,SB-006,0,none,0.4553938
2728,SB-003,0,none,0.6627151
2729,SB-003,0,none,0.6119156
2730,SB-011,0,none,0.5762522
2731,SB-003,0,none,0.57121074
2732,SB-010,0,none,0.68984216
2733,SB-003,0,none,0.4308308
2734,SB-011,0,none,0.5721075
2735,SB-007,0,none,0.53211224
2736,SB-009,0,none,0.61065274
2737,SB-009,0,none,0.59305555
2738,SB-002,0,none,0.6556487
2739,SB-017,0,none,0.42563283
2740,SB-003,0,none,0.3482354
2741,SB-016,0,none,0.59057343
2742,SB-012,0,none,0.54268986
2743,SB-018,0,none,0.41642168
2744,SB-012,0,none,0.39020595
2745,SB-005,0,none,0.6080146
2746,SB-014,0,none,0.30898243
2747,SB-012,0,none,0.46780053
2748,SB-008,0,none,0.55528444
2749,SB-018,0,none,0.83706605
2750,SB-001,0,none,0.5255052
2751,SB-010,0,none,0.6054056
2752,SB-004,0,none,0.4014769
2753,SB-004,0,none,0.45284504
2754,SB-018,0,none,0.6996978
2755,SB-019,0,none,0.5170347
2756,SB-007,0,none,0.46618333
2757,SB-020,0,none,0.37962845
2758,SB-016,0,none,0.37435213
2759,SB-001,0,none,0.40015745
2760,SB-003,0,none,0.5157271
2761,SB-006,0,none,0.6452856
2762,SB-020,0,none,0.53045994
2763,SB-010,0,none,0.55074567
2764,SB-018,0,none,0.45294824
2765,SB-002,0,none,0.7184972
2766,SB-008,0,none,0.82060516
2767,SB-007,0,none,0.45487824
2768,SB-006,0,none,0.53634036
2769,SB-011,0,none,0.7351185
2770,SB-020,0,none,0.5324261
2771,SB-014,0,none,0.5773398
2772,SB-014,0,none,0.5244385
2773,SB-019,0,none,0.54503906
2774,SB-011,0,none,0.5359242
2775,SB-005,0,none,0.4727116
2776,SB-019,0,none,0.5259332
2777,SB-002,0,none,0.53997546
2778,SB-020,0,none,0.6070851
2779,SB-002,0,none,0.4247247
2780,SB-004,0,none,0.52520293
2781,SB-005,0,none,0.4080535
2782,SB-009,0,none,0.5302873
2783,SB-018,0,none,0.43071622
2784,SB-018,0,none,0.7190938
2785,SB-004,0,none,0.5069093
2786,SB-006,0,none,0.6215888
2787,SB-015,0,none,0.7764354
2788,SB-015,0,none,0.6986912
2789,SB-013,0,none,0.49215978
2790,SB-014,0,none,0.31739166
2791,SB-018,0,none,0.4451204
2792,SB-009,0,none,0.62800074
2793,SB-009,0,none,0.560925
2794,SB-005,0,none,0.43545434
2795,SB-007,0,none,0.7393146
2796,SB-004,0,none,0.6184839
2797,SB-009,0,none,0.5285868
2798,SB-005,0,none,0.6727309
2799,SB-012,0,none,0.732529
2800,SB-020,0,none,0.39747062
2801,SB-019,0,none,0.6101002
2802,SB-004,0,none,0.3830043
2803,SB-009,0,none,0.5532631
2804,SB-002,0,none,0.54555076
2805,SB-009,0,none,0.41928488
2806,SB-019,0,none,0.9135317
2807,SB-011,0,none,0.73682374
2808,SB-015,0,none,0.55621934
2809,SB-011,0,none,0.44885382
2810,SB-006,0,none,0.4762349
2811,SB-007,0,none,0.60429907
2812,SB-017,0,none,0.5974826
2813,SB-012,0,none,0.76989824
2814,SB-002,0,none,0.5479514
2815,SB-017,0,none,0.6144578
2816,SB-015,0,none,0.5808639
2817,SB-017,0,none,0.49402088
2818,SB-015,0,none,0.4799323
2819,SB-003,0,none,0.6082272
2820,SB-003,0,none,0.41116518
2821,SB-017,0,none,0.836099
2822,SB-005,0,none,0.39034262
2823,SB-010,0,none,0.52660286
2824,SB-005,0,none,0.600365
2825,SB-005,0,none,0.6237574
2826,SB-002,0,none,0.5156488
2827,SB-015,0,none,0.66519326
2828,SB-013,0,none,0.7106281
2829,SB-006,0,none,0.45579463
2830,SB-020,0,none,0.40822196
2831,SB-007,0,none,0.47256577
2832,SB-006,0,none,0.661087
2833,SB-020,0,none,0.63302535
2834,SB-008,0,none,0.28505012
2835,SB-004,0,none,0.43477157
2836,SB-017,0,none,0.5787591
2837,SB-020,0,none,0.38246584
2838,SB-013,0,none,0.35987094
2839,SB-004,0,none,0.6891438
2840,SB-020,0,none,0.9410002
2841,SB-016,0,none,1.0045581
2842,SB-018,0,none,0.4044159
2843,SB-008,0,none,0.4666909
2844,SB-007,0,none,0.43809065
2845,SB-005,0,none,0.49243358
2846,SB-013,0,none,0.57844543
2847,SB-003,0,none,0.62919575
2848,SB-009,0,none,0.524858
2849,SB-018,0,none,0.51658195
2850,SB-003,0,none,0.48351985
2851,SB-009,0,none,0.43814054
2852,SB-002,0,none,0.71337056
2853,SB-020,0,none,0.76629597
2854,SB-019,0,none,0.94974464
2855,SB-006,0,none,0.5219126
2856,SB-008,0,none,0.35013002
2857,SB-011,0,none,0.6830387
2858,SB-001,0,none,0.67564756
2859,SB-018,0,none,0.45420212
2860,SB-007,0,none,0.6889358
2861,SB-008,0,none,0.45039234
2862,SB-019,0,none,0.66588265
2863,SB-006,0,none,0.48122782
2864,SB-019,0,none,0.69627374
2865,SB-007,0,none,0.5567636
2866,SB-009,0,none,0.37195757
2867,SB-007,0,none,0.6217215
2868,SB-001,0,none,0.5840921
2869,SB-018,0,none,0.6516875
2870,SB-017,0,none,0.41672376
2871,SB-008,0,none,0.60268295
2872,SB-013,0,none,0.543585
2873,SB-014,0,none,0.5476784
2874,SB-019,0,none,0.6197761
2875,SB-004,0,none,0.51461333
2876,SB-002,0,none,0.5678605
2877,SB-001,0,none,0.8238584
2878,SB-002,0,none,0.5232225
2879,SB-017,0,none,0.75730073
2880,SB-001,0,none,0.46644348
2881,SB-004,0,none,0.5426482
2882,SB-020,0,none,0.837517
2883,SB-016,0,none,0.6222895
2884,SB-012,0,none,0.3557
2885,SB-007,0,none,0.52518255
2886,SB-007,0,none,0.5371277
2887,SB-014,0,none,0.50695574
2888,SB-018,0,none,0.5117476
2889,SB-004,0,none,0.79865336
2890,SB-009,0,none,0.34614375
2891,SB-018,0,none,0.4012672
2892,SB-011,0,none,0.38341188
2893,SB-007,0,none,0.5488346
2894,SB-006,0,none,0.4056187
2895,SB-009,0,none,0.6081922
2896,SB-011,0,none,0.65271115
2897,SB-012,0,none,0.7997948
2898,SB-014,0,none,0.37337655
2899,SB-018,0,none,0.54106957
2900,SB-016,0,none,0.57308304
2901,SB-008,0,none,0.72345054
2902,SB-003,0,none,0.61735964
2903,SB-016,0,none,0.6097249
2904,SB-012,0,none,0.596434
2905,SB-005,0,none,0.52995247
2906,SB-017,0,none,0.3698977
2907,SB-002,0,none,0.54200417
2908,SB-007,0,none,0.51423305
2909,SB-020,0,none,0.46750578
2910,SB-002,0,none,0.6191772
2911,SB-003,0,none,0.569051
2912,SB-007,0,none,0.47504362
2913,SB-005,0,none,0.51032877
2914,SB-014,0,none,0.37891343
2915,SB-011,0,none,0.41054752
2916,SB-001,0,none,0.67426115
2917,SB-016,0,none,0.61103624
2918,SB-005,0,none,0.5441866
2919,SB-005,0,none,0.30975813
2920,SB-017,0,none,0.73944384
2921,SB-009,0,none,0.43996972
2922,SB-009,0,none,0.5385695
2923,SB-010,0,none,0.87556434
2924,SB-020,0,none,0.5487835
2925,SB-001,0,none,0.554268
2926,SB-017,0,none,0.45925298
2927,SB-020,0,none,0.5522443
2928,SB-006,0,none,0.63860726
2929,SB-002,0,none,0.55869704
2930,SB-017,0,none,0.45419738
2931,SB-005,0,none,0.57124686
2932,SB-005,0,none,0.5323581
2933,SB-004,0,none,0.51062846
2934,SB-015,0,none,0.6084138
2935,SB-020,0,none,0.6474095
2936,SB-009,0,none,0.37560642
2937,SB-016,0,none,0.5159546
2938,SB-017,0,none,0.8393202
2939,SB-009,0,none,0.5315611
2940,SB-003,0,none,0.68212825
2941,SB-015,0,none,0.7273181
2942,SB-003,0,none,0.73246235
2943,SB-010,0,none,0.60066044
2944,SB-004,0,none,0.5138391
2945,SB-014,0,none,0.67651826
2946,SB-016,0,none,0.44855708
2947,SB-012,0,none,0.59147966
2948,SB-008,0,none,0.5460618
2949,SB-015,0,none,0.6040643
2950,SB-016,0,none,0.49993983
2951,SB-003,0,none,0.6910819
2952,SB-009,0,none,0.6498842
2953,SB-012,0,none,0.5374829
2954,SB-019,0,none,0.63864625
2955,SB-014,0,none,0.39362553
2956,SB-009,0,none,0.33649457
2957,SB-012,0,none,0.8139951
2958,SB-003,0,none,0.65699005
2959,SB-003,0,none,0.4828782
2960,SB-019,0,none,0.39483112
2961,SB-004,0,none,0.54988533
2962,SB-011,0,none,0.5512647
2963,SB-002,0,none,0.60344404
2964,SB-008,0,none,0.54478216
2965,SB-014,0,none,0.6960211
2966,SB-002,0,none,0.62421083
2967,SB-016,0,none,0.46453145
2968,SB-013,0,none,0.48897615
2969,SB-014,0,none,0.564064
2970,SB-013,0,none,0.5998416
2971,SB-009,0,none,0.42160633
2972,SB-017,0,none,0.43756115
2973,SB-001,0,none,0.5557559
2974,SB-015,0,none,0.48330143
2975,SB-006,0,none,0.42246896
2976,SB-004,0,none,0.4366168
2977,SB-019,0,none,0.4467619
2978,SB-015,0,none,0.9069105
2979,SB-008,0,none,0.6524327
2980,SB-009,0,none,0.32785958
2981,SB-013,0,none,0.70950633
2982,SB-013,0,none,0.65221244
2983,SB-020,0,none,0.5527542
2984,SB-014,0,none,0.3585291
2985,SB-004,0,none,0.40520966
2986,SB-002,0,none,0.7134131
2987,SB-003,0,none,0.51078546
2988,SB-012,0,none,0.7813644
2989,SB-006,0,none,0.3614401
2990,SB-003,0,none,0.49086654
2991,SB-015,0,none,0.69138837
2992,SB-012,0,none,0.50615185
2993,SB-012,0,none,0.5881947
2994,SB-006,0,none,0.36814144
2995,SB-009,0,none,0.68061477
2996,SB-003,0,none,0.629243
2997,SB-020,0,none,0.5806288
2998,SB-018,0,none,0.49154294
2999,SB-017,0,none,0.43687525
3000,SB-014,0,none,0.7686927
3001,SB-010,0,none,0.646651
3002,SB-017,0,none,0.47785643
3003,SB-001,0,none,0.42225078
3004,SB-005,0,none,0.4992696
3005,SB-013,0,none,0.481728
3006,SB-013,0,none,0.32044557
3007,SB-003,0,none,0.525257
3008,SB-014,0,none,0.6419505
3009,SB-012,0,none,0.57607585
3010,SB-007,0,none,0.5512966
3011,SB-020,0,none,0.40863374
3012,SB-003,0,none,0.4596453
3013,SB-007,0,none,0.5572625
3014,SB-015,0,none,0.7231935
3015,SB-005,0,none,0.57275224
3016,SB-007,0,none,0.61591333
3017,SB-010,0,none,0.5999159
3018,SB-002,0,none,0.5064744
3019,SB-009,0,none,0.51316214
3020,SB-015,0,none,0.6245299
3021,SB-005,0,none,0.6020479
3022,SB-007,0,none,0.3742842
3023,SB-013,0,none,0.69842845
3024,SB-009,0,none,0.44464415
3025,SB-015,0,none,0.56746054
3026,SB-013,0,none,0.4691805
3027,SB-009,0,none,0.4092749
3028,SB-005,0,none,0.54160756
3029,SB-010,0,none,0.5592465
3030,SB-013,0,none,0.59670967
3031,SB-003,0,none,0.47817194
3032,SB-020,0,none,0.50761646
3033,SB-008,0,none,0.38727236
3034,SB-014,0,none,0.71880394
3035,SB-006,0,none,0.61562836
3036,SB-011,0,none,0.31263846
3037,SB-010,0,none,0.8484575
3038,SB-015,0,none,0.45164028
3039,SB-011,0,none,0.47563735
3040,SB-020,0,none,0.56472427
3041,SB-003,0,none,0.4649306
3042,SB-016,0,none,0.44599897
3043,SB-008,0,none,0.4379951
3044,SB-014,0,none,0.4881864
3045,SB-011,0,none,0.6294015
3046,SB-014,0,none,0.51515126
3047,SB-014,0,none,0.68428546
3048,SB-005,0,none,0.57354075
3049,SB-009,0,none,0.73300385
3050,SB-012,0,none,0.5278577
3051,SB-020,0,none,0.7632555
3052,SB-010,0,none,0.5391897
3053,SB-020,0,none,0.54657143
3054,SB-016,0,none,0.789432
3055,SB-014,0,none,0.5550331
3056,SB-004,0,none,0.48009825
3057,SB-011,0,none,0.42214727
3058,SB-006,0,none,0.33216587
3059,SB-014,0,none,0.53946114
3060,SB-013,0,none,0.63863295
3061,SB-018,0,none,0.5333634
3062,SB-001,0,none,0.56957895
3063,SB-002,0,none,0.88398236
3064,SB-002,0,none,0.54558104
3065,SB-001,0,none,0.5291176
3066,SB-007,0,none,0.79017675
3067,SB-008,0,none,0.42598853
3068,SB-005,0,none,0.521847
3069,SB-005,0,none,0.59956765
3070,SB-013,0,none,0.85104156
3071,SB-011,0,none,0.6979307
3072,SB-007,0,none,0.513489
3073,SB-010,0,none,0.4327904
3074,SB-004,0,none,0.5549783
3075,SB-008,0,none,0.48571062
3076,SB-008,0,none,0.62606865
3077,SB-004,0,none,0.4666904
3078,SB-011,0,none,0.5285497
3079,SB-005,0,none,0.4592603
3080,SB-014,0,none,0.5452255
3081,SB-005,0,none,0.49237785
3082,SB-007,0,none,0.6985368
3083,SB-007,0,none,0.63237154
3084,SB-004,0,none,0.35430452
3085,SB-009,0,none,0.75837135
3086,SB-004,0,none,0.51669616
3087,SB-004,0,none,0.49396
3088,SB-014,0,none,0.49466494
3089,SB-009,0,none,0.53135365
3090,SB-020,0,none,0.7847896
3091,SB-007,0,none,0.47980827
3092,SB-016,0,none,0.58515114
3093,SB-006,0,none,0.6955824
3094,SB-005,0,none,0.3858108
3095,SB-016,0,none,0.5241485
3096,SB-005,0,none,0.43698215
3097,SB-017,0,none,0.6941637
3098,SB-013,0,none,0.39530358
3099,SB-017,0,none,0.354983
3100,SB-014,0,none,0.6096042
3101,SB-015,0,none,0.75859773
3102,SB-015,0,none,0.4493387
3103,SB-001,0,none,0.6169323
3104,SB-017,0,none,0.46484384
3105,SB-013,0,none,0.3975312
3106,SB-004,0,none,0.454029
3107,SB-003,0,none,0.3759169
3108,SB-016,0,none,0.39144152
3109,SB-006,0,none,0.58829075
3110,SB-007,0,none,0.765227
3111,SB-018,0,none,0.46101516
3112,SB-016,0,none,0.85490334
3113,SB-014,0,none,0.61320996
3114,SB-017,0,none,0.64950216
3115,SB-017,0,none,0.40008754
3116,SB-008,0,none,0.51881826
3117,SB-016,0,none,0.5676035
3118,SB-016,0,none,0.5507538
3119,SB-006,0,none,0.5626114
3120,SB-012,0,none,0.6116246
3121,SB-005,0,none,0.57637197
3122,SB-002,0,none,0.7216195
3123,SB-019,0,none,0.58706766
3124,SB-005,0,none,0.43898624
3125,SB-011,0,none,0.71945685
3126,SB-018,0,none,0.4008132
3127,SB-015,0,none,0.49262416
3128,SB-017,0,none,0.48751882
3129,SB-008,0,none,0.40653512
3130,SB-006,0,none,0.68571085
3131,SB-006,0,none,0.42625302
3132,SB-001,0,none,0.45950094
3133,SB-002,0,none,0.39241904
3134,SB-018,0,none,0.5966627
3135,SB-018,0,none,0.3264989
3136,SB-012,0,none,0.59893787
3137,SB-018,0,none,0.7244966
3138,SB-012,0,none,0.6555312
3139,SB-010,0,none,0.60923076
3140,SB-014,0,none,0.39481416
3141,SB-002,0,none,0.8168157
3142,SB-013,0,none,0.5208615
3143,SB-020,0,none,0.5809309
3144,SB-005,0,none,0.4702085
3145,SB-019,0,none,0.6106896
3146,SB-001,0,none,0.85296273
3147,SB-013,0,none,0.5030679
3148,SB-006,0,none,0.5952289
3149,SB-004,0,none,0.45223776
3150,SB-007,0,none,0.69205266
3151,SB-005,0,none,0.35488096
3152,SB-001,0,none,0.79837745
3153,SB-008,0,none,0.6593724
3154,SB-005,0,none,0.41305482
3155,SB-007,0,none,0.4224568
3156,SB-009,0,none,0.47844473
3157,SB-017,0,none,0.56533813
3158,SB-018,0,none,0.6049324
3159,SB-009,0,none,0.647161
3160,SB-008,0,none,0.43040988
3161,SB-004,0,none,0.54169273
3162,SB-002,0,none,0.3154836
3163,SB-020,0,none,0.41112986
3164,SB-014,0,none,0.5934052
3165,SB-004,0,none,0.49937686
3166,SB-020,0,none,0.4626619
3167,SB-003,0,none,0.6656393
3168,SB-006,0,none,0.6122731
3169,SB-020,0,none,0.64236015
3170,SB-003,0,none,0.3189793
3171,SB-011,0,none,0.4806646
3172,SB-006,0,none,0.5232295
3173,SB-003,0,none,0.4929107
3174,SB-011,0,none,0.60169375
3175,SB-017,0,none,0.5968501
3176,SB-002,0,none,0.6460553
3177,SB-016,0,none,0.5246446
3178,SB-020,0,none,0.51588655
3179,SB-011,0,none,0.42935595
3180,SB-003,0,none,0.50576323
3181,SB-019,0,none,0.7088464
3182,SB-009,0,none,0.42851874
3183,SB-002,0,none,0.6442797
3184,SB-009,0,none,0.4141294
3185,SB-020,0,none,0.70012885
3186,SB-002,0,none,0.9941185
3187,SB-010,0,none,0.48005936
3188,SB-006,0,none,0.48161012
3189,SB-019,0,none,0.55992883
3190,SB-007,0,none,0.41434616
3191,SB-006,0,none,0.77461225
3192,SB-019,0,none,0.49485445
3193,SB-008,0,none,0.57906985
3194,SB-016,0,none,0.45627686
3195,SB-010,0,none,0.5486719
3196,SB-014,0,none,0.59171295
3197,SB-005,0,none,0.5511143
3198,SB-001,0,none,0.5414588
3199,SB-017,0,none,0.7148838
3200,SB-013,0,none,0.4344958
3201,SB-001,0,none,0.43825573
3202,SB-013,0,none,0.56596434
3203,SB-020,0,none,0.5648009
3204,SB-006,0,none,0.6467865
3205,SB-010,0,none,0.53660625
3206,SB-005,0,none,0.5362053
3207,SB-018,0,none,0.6950689
3208,SB-015,0,none,0.5604334
3209,SB-014,0,none,0.6681213
3210,SB-013,0,none,0.6148048
3211,SB-009,0,none,0.55890316
3212,SB-006,0,none,0.7425969
3213,SB-003,0,none,0.5797119
3214,SB-007,0,none,0.4419087
3215,SB-007,0,none,0.7245622
3216,SB-003,0,none,0.5596765
3217,SB-010,0,none,0.38094312
3218,SB-018,0,none,0.6278695
3219,SB-015,0,none,0.64650124
3220,SB-009,0,none,0.49376616
3221,SB-001,0,none,0.48207858
3222,SB-009,0,none,0.56262106
3223,SB-004,0,none,0.5291309
3224,SB-011,0,none,0.67584336
3225,SB-015,0,none,0.44478336
3226,SB-019,0,none,0.5718636
3227,SB-010,0,none,0.5708428
3228,SB-017,0,none,0.5469966
3229,SB-020,0,none,0.4883195
3230,SB-016,0,none,0.48904517
3231,SB-003,0,none,0.5128208
3232,SB-012,0,none,0.6005768
3233,SB-013,0,none,0.705791
3234,SB-015,0,none,0.5935662
3235,SB-011,0,none,0.6457716
3236,SB-003,0,none,0.4467042
3237,SB-009,0,none,0.5753471
3238,SB-004,0,none,0.66147345
3239,SB-005,0,none,0.6068195
3240,SB-019,0,none,0.5510005
3241,SB-019,0,none,0.3856701
3242,SB-011,0,none,0.34872645
3243,SB-006,0,none,0.34559295
3244,SB-017,0,none,0.444802
3245,SB-001,0,none,0.56370324
3246,SB-001,0,none,0.4592219
3247,SB-010,0,none,0.6236216
3248,SB-011,0,none,0.6267377
3249,SB-009,0,none,0.44260067
3250,SB-018,0,none,0.7603558
3251,SB-018,0,none,0.57168573
3252,SB-008,0,none,0.49407437
3253,SB-005,0,none,0.5727094
3254,SB-012,0,none,0.34856203
3255,SB-017,0,none,0.5504145
3256,SB-016,0,none,0.47099584
3257,SB-006,0,none,0.4400003
3258,SB-006,0,none,0.7011601
3259,SB-005,0,none,0.42935112
3260,SB-020,0,none,0.56156665
3261,SB-001,0,none,0.49795842
3262,SB-008,0,none,0.6466072
3263,SB-001,0,none,0.4689224
3264,SB-012,0,none,0.42227656
3265,SB-016,0,none,0.5471819
3266,SB-010,0,none,0.6644009
3267,SB-016,0,none,0.59812105
3268,SB-010,0,none,0.3975298
3269,SB-013,0,none,0.5579493
3270,SB-010,0,none,0.50010705
3271,SB-018,0,none,0.5515623
3272,SB-001,0,none,0.6990207
3273,SB-012,0,none,0.595031
3274,SB-012,0,none,0.37961805
3275,SB-001,0,none,0.5412226
3276,SB-014,0,none,0.5677244
3277,SB-004,0,none,0.41653344
3278,SB-004,0,none,0.48988056
3279,SB-010,0,none,0.5192324
3280,SB-006,0,none,0.43397132
3281,SB-004,0,none,0.59782135
3282,SB-013,0,none,0.52828383
3283,SB-012,0,none,0.64758337
3284,SB-011,0,none,0.5821174
3285,SB-015,0,none,0.6314824
3286,SB-019,0,none,0.68033624
3287,SB-012,0,none,0.64319986
3288,SB-007,0,none,0.45140144
3289,SB-006,0,none,0.46615228
3290,SB-016,0,none,0.58018494
3291,SB-009,0,none,0.5656191
3292,SB-006,0,none,0.5189804
3293,SB-002,0,none,0.5486293
3294,SB-006,0,none,0.53980136
3295,SB-015,0,none,0.74337393
3296,SB-008,0,none,0.6947952
3297,SB-018,0,none,0.56721747
3298,SB-004,0,none,0.5890035
3299,SB-008,0,none,0.5341998
3300,SB-011,0,none,0.7530608
3301,SB-010,0,none,0.5927391
3302,SB-014,0,none,0.6009386
3303,SB-019,0,none,0.73931074
3304,SB-010,0,none,0.565541
3305,SB-019,0,none,0.59741217
3306,SB-014,0,none,0.39605993
3307,SB-002,0,none,0.5605079
3308,SB-006,0,none,0.6379705
3309,SB-011,0,none,0.40486166
3310,SB-012,0,none,0.39759052
3311,SB-018,0,none,0.4506009
3312,SB-020,0,none,0.61967874
3313,SB-008,0,none,0.53536195
3314,SB-020,0,none,0.6997744
3315,SB-010,0,none,0.5715662
3316,SB-014,0,none,0.6110232
3317,SB-010,0,none,0.6842165
3318,SB-017,0,none,0.34948877
3319,SB-015,0,none,0.790616
3320,SB-012,0,none,0.76131374
3321,SB-007,0,none,0.6313596
3322,SB-004,0,none,0.46888188
3323,SB-002,0,none,0.5470712
3324,SB-019,0,none,0.5123566
3325,SB-012,0,none,0.5552071
3326,SB-016,0,none,0.50265265
3327,SB-011,0,none,0.4928942
3328,SB-018,0,none,0.7057268
3329,SB-014,0,none,0.66162544
3330,SB-006,0,none,0.5974987
3331,SB-003,0,none,0.42080203
3332,SB-004,0,none,0.75987595
3333,SB-017,0,none,0.37097967
3334,SB-003,0,none,0.46273944
3335,SB-013,0,none,0.5837456
3336,SB-014,0,none,0.46714622
3337,SB-017,0,none,0.39849535
3338,SB-003,0,none,0.4658217
3339,SB-003,0,none,0.77335286
3340,SB-009,0,none,0.35287854
3341,SB-012,0,none,0.5922142
3342,SB-005,0,none,0.5307677
3343,SB-015,0,none,0.66261816
3344,SB-015,0,none,0.690765
3345,SB-001,0,none,0.5637233
3346,SB-011,0,none,0.8425126
3347,SB-020,0,none,0.84504575
3348,SB-018,0,none,0.4653836
3349,SB-006,0,none,0.47283825
3350,SB-012,0,none,0.55985224
3351,SB-004,0,none,0.7842854
3352,SB-004,0,none,0.36264214
3353,SB-007,0,none,0.77673364
3354,SB-018,0,none,0.5893604
3355,SB-019,0,none,0.6253886
3356,SB-011,0,none,0.48695946
3357,SB-016,0,none,0.7757227
3358,SB-006,0,none,0.6021113
3359,SB-008,0,none,0.70062107
3360,SB-017,0,none,0.704224
3361,SB-020,0,none,0.44623002
3362,SB-005,0,none,0.7337069
3363,SB-002,0,none,0.44031724
3364,SB-008,0,none,0.5578189
3365,SB-012,0,none,0.29919556
3366,SB-020,0,none,0.6062918
3367,SB-008,0,none,0.7719289
3368,SB-002,0,none,0.3980683
3369,SB-002,0,none,0.49314296
3370,SB-006,0,none,0.37871104
3371,SB-008,0,none,0.33327538
3372,SB-002,0,none,0.5672701
3373,SB-014,0,none,0.48518926
3374,SB-016,0,none,0.4349333
3375,SB-006,0,none,0.4581259
3376,SB-016,0,none,0.60193145
3377,SB-020,0,none,0.5245354
3378,SB-012,0,none,0.5468418
3379,SB-017,0,none,0.5335847
3380,SB-018,0,none,0.50113976
3381,SB-008,0,none,0.46789932
3382,SB-019,0,none,0.82924765
3383,SB-008,0,none,0.40487593
3384,SB-018,0,none,0.42501086
3385,SB-009,0,none,0.35654622
3386,SB-018,0,none,0.646553
3387,SB-007,0,none,0.602703
3388,SB-006,0,none,0.43676317
3389,SB-004,0,none,0.93896437
3390,SB-003,0,none,0.45780268
3391,SB-004,0,none,0.5918729
3392,SB-007,0,none,0.5297683
3393,SB-005,0,none,0.57395715
3394,SB-004,0,none,0.5618896
3395,SB-019,0,none,0.7679228
3396,SB-019,0,none,0.4494038
3397,SB-011,0,none,0.51247495
3398,SB-016,0,none,0.7849706
3399,SB-002,0,none,0.617131
3400,SB-003,0,none,0.64603657
3401,SB-008,0,none,0.33748838
3402,SB-011,0,none,0.52365476
3403,SB-015,0,none,0.69173545
3404,SB-008,0,none,0.60314095
3405,SB-009,0,none,0.5042316
3406,SB-004,0,none,0.6180049
3407,SB-010,0,none,0.5086113
3408,SB-003,0,none,0.48708254
3409,SB-006,0,none,0.6515482
3410,SB-017,0,none,0.69917995
3411,SB-008,0,none,0.6009297
3412,SB-005,0,none,0.6492483
3413,SB-010,0,none,0.44650206
3414,SB-005,0,none,0.4771574
3415,SB-005,0,none,0.42243895
3416,SB-014,0,none,0.6045829
3417,SB-013,0,none,0.68735945
3418,SB-006,0,none,0.5532391
3419,SB-005,0,none,0.71428144
3420,SB-019,0,none,0.4093124
3421,SB-008,0,none,0.5668806
3422,SB-003,0,none,0.8275272
3423,SB-017,0,none,0.59566164
3424,SB-019,0,none,0.6764101
3425,SB-002,0,none,0.5857105
3426,SB-007,0,none,0.43788952
3427,SB-020,0,none,0.42151132
3428,SB-008,0,none,0.5223244
3429,SB-008,0,none,0.66965395
3430,SB-009,0,none,0.5052471
3431,SB-006,0,none,0.8035185
3432,SB-008,0,none,0.45049226
3433,SB-017,0,none,0.66292495
3434,SB-020,0,none,0.5627095
3435,SB-002,0,none,0.63813287
3436,SB-004,0,none,0.5133749
3437,SB-010,0,none,0.39429554
3438,SB-011,0,none,0.29736266
3439,SB-004,0,none,0.3395109
3440,SB-019,0,none,0.62934667
3441,SB-019,0,none,0.68746877
3442,SB-017,0,none,0.9038975
3443,SB-005,0,none,0.45285416
3444,SB-012,0,none,0.45205846
3445,SB-004,0,none,0.46390516
3446,SB-019,0,none,0.5540515
3447,SB-002,0,none,0.76062685
3448,SB-015,0,none,0.6919182
3449,SB-004,0,none,0.49509382
3450,SB-017,0,none,0.86241895
3451,SB-010,0,none,0.77751
3452,SB-012,0,none,0.6059871
3453,SB-017,0,none,0.6535242
3454,SB-013,0,none,0.73062336
3455,SB-020,0,none,0.54043704
3456,SB-009,0,none,0.56709296
3457,SB-010,0,none,0.4920338
3458,SB-017,0,none,0.53745407
3459,SB-016,0,none,0.6721288
3460,SB-008,0,none,0.71084964
3461,SB-019,0,none,0.4810088
3462,SB-017,0,none,0.61410034
3463,SB-007,0,none,0.49858955
3464,SB-001,0,none,0.57722825
3465,SB-003,0,none,0.41893557
3466,SB-005,0,none,0.4426985
3467,SB-002,0,none,0.67785674
3468,SB-004,0,none,0.6555528
3469,SB-004,0,none,0.50895905
3470,SB-010,0,none,0.6708572
3471,SB-015,0,none,0.66308975
3472,SB-011,0,none,0.76549774
3473,SB-006,0,none,0.36892202
3474,SB-009,0,none,0.5224273
3475,SB-007,0,none,0.42309567
3476,SB-004,0,none,0.47605833
3477,SB-004,0,none,0.83058965
3478,SB-004,0,none,0.47377604
3479,SB-019,0,none,0.4641942
3480,SB-001,0,none,0.53612
3481,SB-005,0,none,0.6472174
3482,SB-018,0,none,0.36394024
3483,SB-008,0,none,0.5640845
3484,SB-002,0,none,0.8462237
3485,SB-014,0,none,0.44022685
3486,SB-020,0,none,0.5925522
3487,SB-020,0,none,0.45932227
3488,SB-014,0,none,0.72484905
3489,SB-019,0,none,0.40945125
3490,SB-007,0,none,0.49367362
3491,SB-006,0,none,0.76397073
3492,SB-018,0,none,0.43565458
3493,SB-004,0,none,0.51879925
3494,SB-009,0,none,0.5773373
3495,SB-020,0,none,0.4441723
3496,SB-011,0,none,0.47893232
3497,SB-012,0,none,0.48196924
3498,SB-019,0,none,0.46970144
3499,SB-010,0,none,0.5325275
3500,SB-002,0,none,0.5365791
3501,SB-007,0,none,0.9379406
3502,SB-007,0,none,0.54753613
3503,SB-013,0,none,0.52314246
3504,SB-018,0,none,0.4935329
3505,SB-009,0,none,0.5501072
3506,SB-012,0,none,0.39236715
3507,SB-008,0,none,0.43020266
3508,SB-012,0,none,0.52291834
3509,SB-003,0,none,0.70902693
3510,SB-008,0,none,0.8536194
3511,SB-004,0,none,0.6405051
3512,SB-020,0,none,0.4546207
3513,SB-014,0,none,0.5729123
3514,SB-016,0,none,0.5636198
3515,SB-020,0,none,0.6918869
3516,SB-010,0,none,0.28879422
3517,SB-016,0,none,0.5964189
3518,SB-002,0,none,0.4655863
3519,SB-013,0,none,0.6793229
3520,SB-006,0,none,0.32373944
3521,SB-014,0,none,0.6169908
3522,SB-005,0,none,0.6604529
3523,SB-020,0,none,0.5082802
3524,SB-002,0,none,0.6085384
3525,SB-017,0,none,0.46136644
3526,SB-016,0,none,0.4060635
3527,SB-018,0,none,0.49944082
3528,SB-005,0,none,0.58684605
3529,SB-004,0,none,0.37829775
3530,SB-009,0,none,0.3337846
3531,SB-003,0,none,0.5671902
3532,SB-004,0,none,0.63496846
3533,SB-010,0,none,0.5995658
3534,SB-012,0,none,0.5732853
3535,SB-017,0,none,0.3491901
3536,SB-018,0,none,0.58378565
3537,SB-018,0,none,0.4507216
3538,SB-005,0,none,0.36126316
3539,SB-020,0,none,0.47803223
3540,SB-010,0,none,0.4118588
3541,SB-010,0,none,0.6649356
3542,SB-020,0,none,0.5547876
3543,SB-002,0,none,0.5037056
3544,SB-020,0,none,0.5696994
3545,SB-001,0,none,0.8219654
3546,SB-018,0,none,0.57604194
3547,SB-016,0,none,0.5096532
3548,SB-015,0,none,0.4452362
3549,SB-010,0,none,0.48087898
3550,SB-005,0,none,0.47728717
3551,SB-020,0,none,0.5110049
3552,SB-014,0,none,0.62866277
3553,SB-017,0,none,0.58680767
3554,SB-011,0,none,0.846117
3555,SB-019,0,none,0.5376773
3556,SB-018,0,none,0.35057575
3557,SB-019,0,none,0.48778412
3558,SB-019,0,none,0.47989005
3559,SB-015,0,none,0.59370357
3560,SB-002,0,none,0.6096543
3561,SB-018,0,none,0.51586115
3562,SB-018,0,none,0.39204004
3563,SB-017,0,none,0.45735335
3564,SB-018,0,none,0.6571959
3565,SB-013,0,none,0.4818904
3566,SB-020,0,none,0.51506317
3567,SB-004,0,none,0.5941845
3568,SB-014,0,none,0.4132334
3569,SB-015,0,none,0.36864567
3570,SB-008,0,none,0.7227807
3571,SB-005,0,none,0.45896697
3572,SB-004,0,none,0.7872956
3573,SB-001,0,none,0.40178952
3574,SB-017,0,none,0.8533088
3575,SB-016,0,none,0.49914128
3576,SB-020,0,none,0.46826962
3577,SB-018,0,none,0.61747223
3578,SB-006,0,none,0.54150796
3579,SB-018,0,none,0.4760178
3580,SB-003,0,none,0.55737793
3581,SB-005,0,none,0.49465758
3582,SB-018,0,none,0.35116398
3583,SB-009,0,none,0.4366928
3584,SB-006,0,none,0.40603408
3585,SB-017,0,none,0.47937274
3586,SB-016,0,none,0.4296773
3587,SB-005,0,none,0.6208262
3588,SB-011,0,none,0.4457092
3589,SB-018,0,none,0.4564026
3590,SB-016,0,none,0.74734
3591,SB-003,0,none,0.59203
3592,SB-013,0,none,0.390817
3593,SB-014,0,none,0.4082031
3594,SB-013,0,none,0.448804
3595,SB-002,0,none,0.43844417
3596,SB-001,0,none,0.48214823
3597,SB-002,0,none,0.64374983
3598,SB-003,0,none,0.45714217
3599,SB-012,0,none,0.53092223
3600,SB-007,0,none,0.4996066
3601,SB-006,0,none,0.56335086
3602,SB-005,0,none,0.5050045
3603,SB-013,0,none,0.5567945
3604,SB-008,0,none,0.59030616
3605,SB-013,0,none,0.5420832
3606,SB-012,0,none,0.6029556
3607,SB-010,0,none,0.46235722
3608,SB-011,0,none,0.51056236
3609,SB-017,0,none,0.49498427
3610,SB-010,0,none,0.57585675
3611,SB-006,0,none,0.6001732
3612,SB-017,0,none,0.46794748
3613,SB-012,0,none,0.59085643
3614,SB-011,0,none,0.62687486
3615,SB-009,0,none,0.49140918
3616,SB-005,0,none,0.5053601
3617,SB-008,0,none,0.48499635
3618,SB-020,0,none,0.728142
3619,SB-005,0,none,0.43104824
3620,SB-010,0,none,0.78007674
3621,SB-002,0,none,0.78386134
3622,SB-020,0,none,0.55982965
3623,SB-018,0,none,0.5406132
3624,SB-019,0,none,0.5092223
3625,SB-019,0,none,0.4722647
3626,SB-017,0,none,0.78292423
3627,SB-020,0,none,0.6177797
3628,SB-007,0,none,0.444958
3629,SB-017,0,none,0.6082743
3630,SB-017,0,none,0.54468155
3631,SB-019,0,none,0.6231632
3632,SB-003,0,none,0.5080931
3633,SB-018,0,none,0.50209934
3634,SB-012,0,none,0.6019333
3635,SB-001,0,none,0.4924503
3636,SB-009,0,none,0.513354
3637,SB-001,0,none,0.6094736
3638,SB-008,0,none,0.61627406
3639,SB-003,0,none,0.42327744
3640,SB-012,0,none,0.44140366
3641,SB-002,0,none,0.58089733
3642,SB-006,0,none,1.022851
3643,SB-014,0,none,0.583612
3644,SB-004,0,none,0.53360033
3645,SB-019,0,none,0.5988345
3646,SB-016,0,none,0.55487084
3647,SB-008,0,none,0.49695617
3648,SB-001,0,none,0.37839064
3649,SB-020,0,none,0.47214517
3650,SB-006,0,none,0.5544729
3651,SB-012,0,none,0.49906784
3652,SB-019,0,none,0.41827795
3653,SB-010,0,none,0.5299696
3654,SB-014,0,none,0.49417725
3655,SB-006,0,none,0.66117257
3656,SB-014,0,none,0.7101494
3657,SB-013,0,none,0.5041153
3658,SB-017,0,none,0.5266232
3659,SB-010,0,none,0.7260077
3660,SB-018,0,none,0.6206299
3661,SB-009,0,none,0.31596974
3662,SB-003,0,none,0.6808115
3663,SB-008,0,none,0.74642175
3664,SB-004,0,none,0.57806313
3665,SB-019,0,none,0.8137441
3666,SB-003,0,none,0.649248
3667,SB-006,0,none,0.48042193
3668,SB-014,0,none,0.6055122
3669,SB-004,0,none,0.50646484
3670,SB-010,0,none,0.4612348
3671,SB-007,0,none,0.537927
3672,SB-019,0,none,0.6401046
3673,SB-007,0,none,0.77567416
3674,SB-007,0,none,0.53095156
3675,SB-014,0,none,0.58878547
3676,SB-017,0,none,0.40448987
3677,SB-002,0,none,0.5041179
3678,SB-017,0,none,0.5459575
3679,SB-009,0,none,0.7507523
3680,SB-010,0,none,0.8685608
3681,SB-010,0,none,0.40268546
3682,SB-008,0,none,0.59109104
3683,SB-001,0,none,0.5319555
3684,SB-006,0,none,0.63618505
3685,SB-015,0,none,0.72494274
3686,SB-019,0,none,0.6235011
3687,SB-001,0,none,0.49708214
3688,SB-010,0,none,0.6216224
3689,SB-004,0,none,0.5024821
3690,SB-018,0,none,0.5131839
3691,SB-011,0,none,0.3235351
3692,SB-019,0,none,0.6429147
3693,SB-001,0,none,0.31994948
3694,SB-018,0,none,0.44016093
3695,SB-018,0,none,0.52060354
3696,SB-017,0,none,0.6367007
3697,SB-007,0,none,0.5586527
3698,SB-003,0,none,0.4466619
3699,SB-010,0,none,0.4132103
3700,SB-007,0,none,0.6717389
3701,SB-010,0,none,0.49090418
3702,SB-018,0,none,0.5297796
3703,SB-005,0,none,0.50791013
3704,SB-014,0,none,0.7331624
3705,SB-018,0,none,0.46864897
3706,SB-014,0,none,0.57567334
3707,SB-017,0,none,0.72836363
3708,SB-011,0,none,0.6471143
3709,SB-019,0,none,0.54333717
3710,SB-002,0,none,0.60922503
3711,SB-010,0,none,0.66807276
3712,SB-005,0,none,0.5160721
3713,SB-002,0,none,0.55428356
3714,SB-003,0,none,0.4741289
3715,SB-008,0,none,0.65927476
3716,SB-004,0,none,0.44646886
3717,SB-020,0,none,0.5104504
3718,SB-010,0,none,0.488151
3719,SB-005,0,none,0.554686
3720,SB-011,0,none,0.6503954
3721,SB-018,0,none,0.50630265
3722,SB-015,0,none,0.39388257
3723,SB-005,0,none,0.43275464
3724,SB-006,0,none,0.34481907
3725,SB-012,0,none,0.5313519
3726,SB-015,0,none,0.7200722
3727,SB-006,0,none,0.3982534
3728,SB-015,0,none,0.5541333
3729,SB-012,0,none,0.48210666
3730,SB-009,0,none,0.5113356
3731,SB-010,0,none,0.5801411
3732,SB-007,0,none,0.5252649
3733,SB-014,0,none,0.4630477
3734,SB-003,0,none,0.4996496
3735,SB-012,0,none,0.6071192
3736,SB-016,0,none,0.3583384
3737,SB-013,0,none,0.46331394
3738,SB-002,0,none,0.4909795
3739,SB-008,0,none,0.70230794
3740,SB-002,0,none,0.7691598
3741,SB-014,0,none,0.73314667
3742,SB-014,0,none,0.5163553
3743,SB-011,0,none,0.52960896
3744,SB-002,0,none,0.51308477
3745,SB-017,0,none,0.45436907
3746,SB-012,0,none,0.44768825
3747,SB-002,0,none,0.5787064
3748,SB-018,0,none,0.63254255
3749,SB-009,0,none,0.31143236
3750,SB-008,0,none,0.51337653
3751,SB-004,0,none,0.9045699
3752,SB-020,0,none,0.37787256
3753,SB-018,0,none,0.57054955
3754,SB-005,0,none,0.44345945
3755,SB-015,0,none,0.45739213
3756,SB-004,0,none,0.55197287
3757,SB-003,0,none,0.64247835
3758,SB-007,0,none,0.40161023
3759,SB-016,0,none,0.6247196
3760,SB-017,0,none,0.5242431
3761,SB-017,0,none,0.32357726
3762,SB-010,0,none,0.69714296
3763,SB-015,0,none,0.47983018
3764,SB-014,0,none,0.4712268
3765,SB-020,0,none,0.5352461
3766,SB-007,0,none,0.6122907
3767,SB-008,0,none,0.49811536
3768,SB-013,0,none,0.57830346
3769,SB-010,0,none,0.52829164
3770,SB-002,0,none,0.33567482
3771,SB-001,0,none,0.6709332
3772,SB-018,0,none,0.38892597
3773,SB-019,0,none,0.62071425
3774,SB-007,0,none,0.5210621
3775,SB-016,0,none,0.5698645
3776,SB-019,0,none,0.45673916
3777,SB-006,0,none,0.34534276
3778,SB-009,0,none,0.49108183
3779,SB-013,0,none,0.72051567
3780,SB-017,0,none,0.66641426
3781,SB-006,0,none,0.7993046
3782,SB-001,0,none,0.68928033
3783,SB-012,0,none,0.40505722
3784,SB-014,0,none,0.5965921
3785,SB-014,0,none,0.6263336
3786,SB-010,0,none,0.4868873
3787,SB-020,0,none,0.50808275
3788,SB-014,0,none,0.46017274
3789,SB-006,0,none,0.4428103
3790,SB-004,0,none,0.5665949
3791,SB-005,0,none,0.38768
3792,SB-015,0,none,0.60643154
3793,SB-014,0,none,0.47967732
3794,SB-004,0,none,0.48970777
3795,SB-002,0,none,0.5834857
3796,SB-006,0,none,0.4635306
3797,SB-001,0,none,0.5370889
3798,SB-017,0,none,0.71276206
3799,SB-010,0,none,0.52386034
3800,SB-018,0,none,0.69196135
3801,SB-009,0,none,0.6218429
3802,SB-010,0,none,0.5743434
3803,SB-013,0,none,0.6015817
3804,SB-011,0,none,0.7496214
3805,SB-020,0,none,0.56110084
3806,SB-007,0,none,0.5667087
3807,SB-005,0,none,0.47772315
3808,SB-007,0,none,0.7013762
3809,SB-016,0,none,0.4846552
3810,SB-009,0,none,0.41891888
3811,SB-005,0,none,0.53361887
3812,SB-017,0,none,0.46808895
3813,SB-018,0,none,0.6878512
3814,SB-016,0,none,0.74312747
3815,SB-008,0,none,0.5738435
3816,SB-002,0,none,0.5405418
3817,SB-005,0,none,0.49577466
3818,SB-009,0,none,0.69153374
3819,SB-001,0,none,0.75027037
3820,SB-016,0,none,0.36169505
3821,SB-008,0,none,0.75976914
3822,SB-011,0,none,0.63004744
3823,SB-006,0,none,0.50759965
3824,SB-012,0,none,0.3273355
3825,SB-002,0,none,0.39617085
3826,SB-006,0,none,0.39778978
3827,SB-008,0,none,0.698014
3828,SB-010,0,none,0.5176737
3829,SB-009,0,none,0.6542518
3830,SB-015,0,none,0.6234651
3831,SB-008,0,none,0.43574142
3832,SB-018,0,none,0.55938745
3833,SB-004,0,none,0.5787537
3834,SB-014,0,none,0.49364844
3835,SB-006,0,none,0.5504792
3836,SB-008,0,none,0.49515003
3837,SB-002,0,none,0.44352126
3838,SB-009,0,none,0.38989595
3839,SB-009,0,none,0.55555683
3840,SB-001,0,none,0.38655335
3841,SB-009,0,none,0.47941792
3842,SB-013,0,none,0.4628043
3843,SB-019,0,none,0.4072049
3844,SB-013,0,none,0.5144953
3845,SB-006,0,none,0.40260673
3846,SB-011,0,none,0.6211334
3847,SB-014,0,none,0.5367642
3848,SB-020,0,none,0.52380395
3849,SB-003,0,none,0.6367987
3850,SB-016,0,none,0.37691092
3851,SB-020,0,none,0.56773794
3852,SB-015,0,none,0.7574671
3853,SB-013,0,none,0.5915387
3854,SB-016,0,none,0.6002709
3855,SB-020,0,none,0.6404827
3856,SB-012,0,none,0.44101846
3857,SB-013,0,none,0.688866
3858,SB-003,0,none,0.47577474
3859,SB-010,0,none,0.59429854
3860,SB-011,0,none,0.6104273
3861,SB-009,0,none,0.60509676
3862,SB-006,0,none,0.38418838
3863,SB-009,0,none,0.6462757
3864,SB-009,0,none,0.5627268
3865,SB-019,0,none,0.7422457
3866,SB-017,0,none,0.46355876
3867,SB-002,0,none,0.6819508
3868,SB-012,0,none,0.5600538
3869,SB-004,0,none,0.4206312
3870,SB-010,0,none,0.52634615
3871,SB-010,0,none,0.54975003
3872,SB-016,0,none,0.54045504
3873,SB-010,0,none,0.61993265
3874,SB-002,0,none,0.62015873
3875,SB-001,0,none,0.68380123
3876,SB-012,0,none,0.6123239
3877,SB-018,0,none,0.43720934
3878,SB-013,0,none,0.55701697
3879,SB-009,0,none,0.6759965
3880,SB-006,0,none,0.7332167
3881,SB-012,0,none,0.48427126
3882,SB-002,0,none,0.43180788
3883,SB-002,0,none,0.64375025
3884,SB-002,0,none,0.67830765
3885,SB-018,0,none,0.4133187
3886,SB-013,0,none,0.61164504
3887,SB-001,0,none,0.52327394
3888,SB-002,0,none,0.56644535
3889,SB-003,0,none,0.4154579
3890,SB-003,0,none,0.5745669
3891,SB-018,0,none,0.6224943
3892,SB-015,0,none,0.6152078
3893,SB-019,0,none,0.557207
3894,SB-018,0,none,0.48674566
3895,SB-019,0,none,0.45074865
3896,SB-001,0,none,0.6816316
3897,SB-007,0,none,0.4159522
3898,SB-016,0,none,0.40058944
3899,SB-019,0,none,0.5539609
3900,SB-003,0,none,0.5194091
3901,SB-007,0,none,0.5116655
3902,SB-004,0,none,0.7770588
3903,SB-014,0,none,0.6738607
3904,SB-014,0,none,0.5996032
3905,SB-002,0,none,0.7066671
3906,SB-012,0,none,0.62403905
3907,SB-005,0,none,0.58899826
3908,SB-012,0,none,0.4681619
3909,SB-006,0,none,0.48070014
3910,SB-010,0,none,0.48592573
3911,SB-008,0,none,0.53709376
3912,SB-011,0,none,0.70210874
3913,SB-009,0,none,0.70165694
3914,SB-015,0,none,0.48888955
3915,SB-001,0,none,0.6204555
3916,SB-017,0,none,0.7554071
3917,SB-010,0,none,0.6318061
3918,SB-020,0,none,0.60096264
3919,SB-016,0,none,0.5485181
3920,SB-014,0,none,0.6303315
3921,SB-013,0,none,0.67292756
3922,SB-002,0,none,0.63415915
3923,SB-005,0,none,0.6138018
3924,SB-003,0,none,0.42744443
3925,SB-017,0,none,0.51275903
3926,SB-014,0,none,0.57005185
3927,SB-002,0,none,0.6625714
3928,SB-015,0,none,0.67654437
3929,SB-008,0,none,0.43003482
3930,SB-009,0,none,0.30482787
3931,SB-007,0,none,0.5684778
3932,SB-005,0,none,0.7479926
3933,SB-011,0,none,0.41726002
3934,SB-010,0,none,0.46355656
3935,SB-011,0,none,0.69727665
3936,SB-003,0,none,0.50934446
3937,SB-011,0,none,0.5370734
3938,SB-015,0,none,0.35645726
3939,SB-019,0,none,0.6943561
3940,SB-011,0,none,0.5554037
3941,SB-005,0,none,0.48653764
3942,SB-011,0,none,0.7599356
3943,SB-007,0,none,0.4126736
3944,SB-009,0,none,0.46381864
3945,SB-019,0,none,0.45426667
3946,SB-020,0,none,0.54470307
3947,SB-002,0,none,0.71507543
3948,SB-008,0,none,0.45463878
3949,SB-002,0,none,0.4927471
3950,SB-008,0,none,0.53494596
3951,SB-007,0,none,0.47706336
3952,SB-011,0,none,0.510916
3953,SB-020,0,none,0.49606845
3954,SB-012,0,none,0.76637083
3955,SB-007,0,none,0.66171783
3956,SB-011,0,none,0.47828728
3957,SB-004,0,none,0.6570985
3958,SB-019,0,none,0.67682135
3959,SB-009,0,none,0.6339309
3960,SB-006,0,none,0.4851047
3961,SB-012,0,none,0.5748486
3962,SB-005,0,none,0.6279108
3963,SB-020,0,none,0.6042737
3964,SB-007,0,none,0.48076117
3965,SB-006,0,none,0.3251596
3966,SB-009,0,none,0.4620191
3967,SB-015,0,none,0.590553
3968,SB-014,0,none,0.5763775
3969,SB-018,0,none,0.4365623
3970,SB-003,0,none,0.8255152
3971,SB-010,0,none,0.5527729
3972,SB-015,0,none,0.6391547
3973,SB-016,0,none,0.52163583
3974,SB-015,0,none,0.4632397
3975,SB-011,0,none,0.5752679
3976,SB-019,0,none,0.44842952
3977,SB-010,0,none,0.6845827
3978,SB-001,0,none,0.7136158
3979,SB-003,0,none,0.5693896
3980,SB-015,0,none,0.5660183
3981,SB-015,0,none,0.8225947
3982,SB-006,0,none,0.42661965
3983,SB-003,0,none,0.5517769
3984,SB-008,0,none,0.45342126
3985,SB-020,0,none,0.55166566
3986,SB-009,0,none,0.4962998
3987,SB-014,0,none,0.7913929
3988,SB-007,0,none,0.6304105
3989,SB-006,0,none,0.42444685
3990,SB-003,0,none,0.7080014
3991,SB-001,0,none,0.4813428
3992,SB-015,0,none,0.5103188
3993,SB-010,0,none,0.5811481
3994,SB-020,0,none,0.4708073
3995,SB-009,0,none,0.31876433
3996,SB-018,0,none,0.52337027
3997,SB-008,0,none,0.5270401
3998,SB-016,0,none,0.507372
3999,SB-007,0,none,0.4448745
4000,SB-003,0,none,0.5170664
4001,SB-014,0,none,0.36585027
4002,SB-011,0,none,0.33804047
4003,SB-016,0,none,0.5774066
4004,SB-006,0,none,0.411095
4005,SB-008,0,none,0.62819403
4006,SB-014,0,none,0.6053224
4007,SB-004,0,none,0.7303326
4008,SB-010,0,none,0.50151014
4009,SB-007,0,none,0.51071256
4010,SB-019,0,none,0.7512228
4011,SB-007,0,none,0.584553
4012,SB-013,0,none,0.64486057
4013,SB-007,0,none,0.62502825
4014,SB-010,0,none,0.47657654
4015,SB-002,0,none,0.5978107
4016,SB-005,0,none,0.734344
4017,SB-017,0,none,0.55232126
4018,SB-016,0,none,0.3890147
4019,SB-002,0,none,0.6195198
4020,SB-014,0,none,0.6554566
4021,SB-009,0,none,0.32224306
4022,SB-004,0,none,0.65889215
4023,SB-017,0,none,0.64723957
4024,SB-018,0,none,0.66667306
4025,SB-017,0,none,0.656495
4026,SB-005,0,none,0.38877457
4027,SB-006,0,none,0.54176575
4028,SB-010,0,none,0.5976129
4029,SB-015,0,none,0.4088027
4030,SB-003,0,none,0.605895
4031,SB-004,0,none,0.5355921
4032,SB-012,0,none,0.5102487
4033,SB-010,0,none,0.5491607
4034,SB-006,0,none,0.60139424
4035,SB-010,0,none,0.6003596
4036,SB-010,0,none,0.58184755
4037,SB-016,0,none,0.59610534
4038,SB-002,0,none,0.66246873
4039,SB-009,0,none,0.59454584
4040,SB-017,0,none,0.6667258
4041,SB-003,0,none,0.47836605
4042,SB-008,0,none,0.4049712
4043,SB-009,0,none,0.4625269
4044,SB-014,0,none,0.6073254
4045,SB-014,0,none,0.51009876
4046,SB-018,0,none,0.35364982
4047,SB-001,0,none,0.5324343
4048,SB-016,0,none,0.4422864
4049,SB-011,0,none,0.5895116
4050,SB-010,0,none,0.6430896
4051,SB-017,0,none,0.7770775
4052,SB-006,0,none,0.57198054
4053,SB-016,0,none,0.8393236
4054,SB-019,0,none,0.58369493
4055,SB-006,0,none,0.48956394
4056,SB-020,0,none,0.5815343
4057,SB-001,0,none,0.59106296
4058,SB-004,0,none,0.63185644
4059,SB-010,0,none,0.5641387
4060,SB-007,0,none,0.50201064
4061,SB-010,0,none,0.50650597
4062,SB-012,0,none,0.46771634
4063,SB-003,0,none,0.5802638
4064,SB-005,0,none,0.4164166
4065,SB-016,0,none,0.3998086
4066,SB-011,0,none,0.8136314
4067,SB-019,0,none,0.41633153
4068,SB-002,0,none,0.6544344
4069,SB-017,0,none,0.50997823
4070,SB-010,0,none,0.6955236
4071,SB-006,0,none,0.6332821
4072,SB-001,0,none,0.59963167
4073,SB-011,0,none,0.85168976
4074,SB-018,0,none,0.70563066
4075,SB-017,0,none,0.6214301
4076,SB-019,0,none,0.6110636
4077,SB-013,0,none,0.80125827
4078,SB-019,0,none,0.62793684
4079,SB-007,0,none,0.40628198
4080,SB-002,0,none,0.63472354
4081,SB-015,0,none,0.40107593
4082,SB-010,0,none,0.47826707
4083,SB-001,0,none,0.34714496
4084,SB-005,0,none,0.39980274
4085,SB-012,0,none,0.6954006
4086,SB-020,0,none,0.59641844
4087,SB-015,0,none,0.5356985
4088,SB-010,0,none,0.4563137
4089,SB-008,0,none,0.63548654
4090,SB-013,0,none,0.63761634
4091,SB-007,0,none,0.465454
4092,SB-017,0,none,0.43199977
4093,SB-006,0,none,0.5108437
4094,SB-005,0,none,0.6852616
4095,SB-009,0,none,0.38896486
4096,SB-012,0,none,0.52262247
4097,SB-001,0,none,0.42659506
4098,SB-004,0,none,0.5159546
4099,SB-008,0,none,0.63351727
4100,SB-017,0,none,0.84342164
4101,SB-014,0,none,0.46600878
4102,SB-013,0,none,0.47226062
4103,SB-018,0,none,0.44475648
4104,SB-004,0,none,0.5797657
4105,SB-013,0,none,0.46061474
4106,SB-018,0,none,0.54600376
4107,SB-008,0,none,0.6711696
4108,SB-005,0,none,0.64711267
4109,SB-015,0,none,0.47619504
4110,SB-010,0,none,0.61702716
4111,SB-014,0,none,0.4085731
4112,SB-008,0,none,0.59970564
4113,SB-017,0,none,0.69548076
4114,SB-012,0,none,0.51756597
4115,SB-005,0,none,0.87746286
4116,SB-005,0,none,0.567114
4117,SB-013,0,none,0.392531
4118,SB-010,0,none,0.50510013
4119,SB-008,0,none,0.54872394
4120,SB-007,0,none,0.6244262
4121,SB-008,0,none,0.7248838
4122,SB-007,0,none,0.4455508
4123,SB-008,0,none,0.32298782
4124,SB-008,0,none,0.29592666
4125,SB-015,0,none,0.3874898
4126,SB-004,0,none,0.65044355
4127,SB-013,0,none,0.6507826
4128,SB-019,0,none,0.56258786
4129,SB-016,0,none,0.5191669
4130,SB-014,0,none,0.5078465
4131,SB-017,0,none,0.42713645
4132,SB-020,0,none,0.60035545
4133,SB-011,0,none,0.5092617
4134,SB-001,0,none,0.41029164
4135,SB-015,0,none,0.68318945
4136,SB-006,0,none,0.531091
4137,SB-013,0,none,0.48532045
4138,SB-014,0,none,0.6461988
4139,SB-004,0,none,0.7093774
4140,SB-015,0,none,0.4546151
4141,SB-009,0,none,0.6150726
4142,SB-011,0,none,0.5476863
4143,SB-010,0,none,0.41766354
4144,SB-014,0,none,0.76891595
4145,SB-011,0,none,0.45055923
4146,SB-014,0,none,0.52067536
4147,SB-003,0,none,0.53093415
4148,SB-014,0,none,0.5511801
4149,SB-009,0,none,0.5755014
4150,SB-001,0,none,0.5670841
4151,SB-014,0,none,0.60270035
4152,SB-006,0,none,0.76736355
4153,SB-006,0,none,0.33099917
4154,SB-002,0,none,0.49136508
4155,SB-017,0,none,0.44597912
4156,SB-002,0,none,0.65444005
4157,SB-013,0,none,0.7674642
4158,SB-018,0,none,0.74697655
4159,SB-016,0,none,0.7547002
4160,SB-008,0,none,0.691469
4161,SB-020,0,none,0.42202857
4162,SB-003,0,none,0.42325944
4163,SB-017,0,none,0.6552429
4164,SB-017,0,none,0.5439792
4165,SB-010,0,none,0.5917134
4166,SB-005,0,none,0.5564151
4167,SB-014,0,none,0.45006198
4168,SB-004,0,none,0.49808657
4169,SB-019,0,none,0.6985744
4170,SB-012,0,none,0.74780124
4171,SB-006,0,none,0.5366728
4172,SB-008,0,none,0.42573664
4173,SB-002,0,none,0.4654209
4174,SB-012,0,none,0.33844602
4175,SB-013,0,none,0.32082477
4176,SB-004,0,none,0.5648352
4177,SB-016,0,none,0.4201779
4178,SB-003,0,none,0.5709818
4179,SB-008,0,none,0.8350606
4180,SB-013,0,none,0.55075336
4181,SB-011,0,none,0.6125616
4182,SB-010,0,none,0.5995664
4183,SB-010,0,none,0.45876178
4184,SB-005,0,none,0.48924384
4185,SB-003,0,none,0.6913588
4186,SB-018,0,none,0.46250692
4187,SB-008,0,none,0.58461803
4188,SB-010,0,none,0.4742641
4189,SB-001,0,none,0.46188468
4190,SB-011,0,none,0.72100824
4191,SB-012,0,none,0.5946378
4192,SB-012,0,none,0.73248905
4193,SB-020,0,none,0.44050592
4194,SB-003,0,none,0.488845
4195,SB-007,0,none,0.730119
4196,SB-004,0,none,0.5440159
4197,SB-011,0,none,0.59188694
4198,SB-008,0,none,0.59389055
4199,SB-019,0,none,0.46580985
4200,SB-007,0,none,0.46255624
4201,SB-002,0,none,0.763257
4202,SB-014,0,none,0.816684
4203,SB-017,0,none,0.45330432
4204,SB-001,0,none,0.5901226
4205,SB-012,0,none,0.5516074
4206,SB-018,0,none,0.47953865
4207,SB-011,0,none,0.83058
4208,SB-004,0,none,0.45670936
4209,SB-015,0,none,0.63099587
4210,SB-020,0,none,0.53397137
4211,SB-005,0,none,0.5172276
4212,SB-014,0,none,0.72998995
4213,SB-014,0,none,0.6184729
4214,SB-014,0,none,0.40283012
4215,SB-007,0,none,0.62100655
4216,SB-016,0,none,0.6232911
4217,SB-017,0,none,0.7264025
4218,SB-001,0,none,0.52124786
4219,SB-009,0,none,0.6903281
4220,SB-002,0,none,0.6386559
4221,SB-010,0,none,0.65200335
4222,SB-005,0,none,0.3873321
4223,SB-011,0,none,0.58459675
4224,SB-018,0,none,0.6109757
4225,SB-013,0,none,0.39139986
4226,SB-006,0,none,0.5759127
4227,SB-012,0,none,0.5526279
4228,SB-005,0,none,0.50706416
4229,SB-019,0,none,0.64937115
4230,SB-013,0,none,0.77639407
4231,SB-015,0,none,0.48633707
4232,SB-002,0,none,0.6124512
4233,SB-011,0,none,0.5379518
4234,SB-013,0,none,0.45784643
4235,SB-011,0,none,0.7307765
4236,SB-001,0,none,0.46733636
4237,SB-019,0,none,0.42683095
4238,SB-019,0,none,0.5541239
4239,SB-008,0,none,0.43708822
4240,SB-003,0,none,0.31847224
4241,SB-005,0,none,0.53775716
4242,SB-013,0,none,0.445581
4243,SB-004,0,none,0.5183987
4244,SB-019,0,none,0.6103383
4245,SB-007,0,none,0.6011787
4246,SB-010,0,none,0.6370981
4247,SB-008,0,none,0.5787819
4248,SB-006,0,none,1.0420241
4249,SB-017,0,none,0.68450546
4250,SB-008,0,none,0.50212973
4251,SB-018,0,none,0.5586992
4252,SB-007,0,none,0.49879524
4253,SB-020,0,none,0.6120738
4254,SB-001,0,none,0.51751924
4255,SB-002,0,none,0.6098232
4256,SB-001,0,none,0.51830643
4257,SB-003,0,none,0.5098628
4258,SB-008,0,none,0.60363275
4259,SB-003,0,none,0.6139743
4260,SB-007,0,none,0.54060525
4261,SB-004,0,none,0.5987634
4262,SB-005,0,none,0.7799028
4263,SB-001,0,none,0.66574425
4264,SB-013,0,none,0.31803766
4265,SB-015,0,none,0.38131207
4266,SB-010,0,none,0.40628427
4267,SB-017,0,none,0.7177476
4268,SB-008,0,none,0.7881617
4269,SB-011,0,none,0.5497713
4270,SB-005,0,none,0.5398471
4271,SB-005,0,none,0.7121594
4272,SB-006,0,none,0.41047966
4273,SB-013,0,none,0.5505143
4274,SB-002,0,none,0.5608067
4275,SB-008,0,none,0.41365594
4276,SB-019,0,none,0.4110551
4277,SB-015,0,none,0.43482536
4278,SB-005,0,none,0.42479795
4279,SB-011,0,none,0.5698972
4280,SB-010,0,none,0.7255079
4281,SB-004,0,none,0.41866302
4282,SB-016,0,none,0.7691624
4283,SB-003,0,none,0.42873305
4284,SB-012,0,none,0.51334614
4285,SB-020,0,none,0.47654256
4286,SB-015,0,none,0.6045808
4287,SB-012,0,none,0.60675323
4288,SB-018,0,none,0.53128475
4289,SB-001,0,none,0.63169336
4290,SB-016,0,none,0.49969992
4291,SB-013,0,none,0.5640581
4292,SB-008,0,none,0.6197619
4293,SB-006,0,none,0.48700315
4294,SB-001,0,none,0.5142912
4295,SB-005,0,none,0.6017312
4296,SB-002,0,none,0.46712124
4297,SB-003,0,none,0.5148806
4298,SB-011,0,none,0.55920416
4299,SB-008,0,none,0.6466957
4300,SB-011,0,none,0.5670378
4301,SB-011,0,none,0.42650625
4302,SB-010,0,none,0.37166712
4303,SB-008,0,none,0.8362292
4304,SB-004,0,none,0.70521784
4305,SB-014,0,none,0.5198064
4306,SB-007,0,none,0.54759777
4307,SB-017,0,none,0.5767034
4308,SB-013,0,none,0.5641509
4309,SB-020,0,none,0.55971646
4310,SB-002,0,none,0.46621877
4311,SB-003,0,none,0.4462715
4312,SB-004,0,none,0.7012233
4313,SB-011,0,none,0.6142724
4314,SB-012,0,none,0.4311348
4315,SB-013,0,none,0.48741984
4316,SB-009,0,none,0.6429738
4317,SB-007,0,none,0.46178794
4318,SB-001,0,none,0.66994005
4319,SB-020,0,none,0.38612425
4320,SB-001,0,none,0.59460634
4321,SB-014,0,none,0.84975135
4322,SB-002,0,none,0.5366863
4323,SB-013,0,none,0.45339033
4324,SB-009,0,none,0.5445333
4325,SB-007,0,none,0.6333816
4326,SB-005,0,none,0.548214
4327,SB-018,0,none,0.53032255
4328,SB-015,0,none,0.6130307
4329,SB-010,0,none,0.5219738
4330,SB-007,0,none,0.88386536
4331,SB-016,0,none,0.5261176
4332,SB-019,0,none,0.41758144
4333,SB-005,0,none,0.5876431
4334,SB-017,0,none,0.35889214
4335,SB-001,0,none,0.53284776
4336,SB-019,0,none,0.29163837
4337,SB-007,0,none,0.4577074
4338,SB-002,0,none,0.4114069
4339,SB-001,0,none,0.6275552
4340,SB-019,0,none,0.71159166
4341,SB-013,0,none,0.7116253
4342,SB-017,0,none,0.45382974
4343,SB-017,0,none,0.46063986
4344,SB-006,0,none,0.50383747
4345,SB-004,0,none,0.7054993
4346,SB-012,0,none,0.52885693
4347,SB-019,0,none,0.6162295
4348,SB-016,0,none,0.6360927
4349,SB-006,0,none,0.3320409
4350,SB-017,0,none,0.85564774
4351,SB-005,0,none,0.41305888
4352,SB-008,0,none,0.8839116
4353,SB-017,0,none,0.6482022
4354,SB-006,0,none,0.71897733
4355,SB-008,0,none,0.61544544
4356,SB-007,0,none,0.6333544
4357,SB-004,0,none,0.42996442
4358,SB-007,0,none,0.509874
4359,SB-016,0,none,0.39130872
4360,SB-004,0,none,0.80014676
4361,SB-008,0,none,0.55663216
4362,SB-007,0,none,0.49808395
4363,SB-003,0,none,0.5326487
4364,SB-011,0,none,0.6902254
4365,SB-010,0,none,0.60570985
4366,SB-010,0,none,0.48666975
4367,SB-001,0,none,0.43895698
4368,SB-005,0,none,0.43254542
4369,SB-013,0,none,0.64625835
4370,SB-004,0,none,0.6739677
4371,SB-003,0,none,0.5833019
4372,SB-020,0,none,0.5536366
4373,SB-012,0,none,0.62070274
4374,SB-002,0,none,0.5235814
4375,SB-001,0,none,0.43734705
4376,SB-003,0,none,0.395279
4377,SB-001,0,none,0.67877835
4378,SB-003,0,none,0.52697533
4379,SB-002,0,none,0.5455618
4380,SB-009,0,none,0.6002023
4381,SB-018,0,none,0.66985416
4382,SB-007,0,none,0.6046761
4383,SB-009,0,none,0.43364486
4384,SB-016,0,none,0.52853155
4385,SB-014,0,none,0.56737185
4386,SB-010,0,none,0.44565195
4387,SB-015,0,none,0.6428839
4388,SB-005,0,none,0.59992576
4389,SB-008,0,none,0.72579896
4390,SB-008,0,none,0.48955002
4391,SB-014,0,none,0.6041751
4392,SB-001,0,none,0.41597039
4393,SB-001,0,none,0.6360435
4394,SB-005,0,none,0.607739
4395,SB-014,0,none,0.5297607
4396,SB-012,0,none,0.6725173
4397,SB-005,0,none,0.70420474
4398,SB-019,0,none,0.54842216
4399,SB-004,0,none,0.5590534
4400,SB-013,0,none,0.48392084
4401,SB-014,0,none,0.6856711
4402,SB-015,0,none,0.50169307
4403,SB-019,0,none,0.5139766
4404,SB-010,0,none,0.8391874
4405,SB-017,0,none,0.5682421
4406,SB-006,0,none,0.54381573
4407,SB-013,0,none,0.5321795
4408,SB-014,0,none,0.69361997
4409,SB-007,0,none,0.4977106
4410,SB-017,0,none,0.44249347
4411,SB-017,0,none,0.49989003
4412,SB-010,0,none,0.6085506
4413,SB-020,0,none,0.5489408
4414,SB-012,0,none,0.7282715
4415,SB-007,0,none,0.49350628
4416,SB-003,0,none,0.42082134
4417,SB-011,0,none,0.7396744
4418,SB-017,0,none,0.55533195
4419,SB-012,0,none,0.5612393
4420,SB-012,0,none,0.45144317
4421,SB-012,0,none,0.5155301
4422,SB-018,0,none,0.5951851
4423,SB-019,0,none,0.26667118
4424,SB-012,0,none,0.5456523
4425,SB-015,0,none,0.6551565
4426,SB-019,0,none,0.530442
4427,SB-010,0,none,0.72146237
4428,SB-015,0,none,0.53011715
4429,SB-011,0,none,0.5745301
4430,SB-004,0,none,0.48791376
4431,SB-011,0,none,0.5882147
4432,SB-011,0,none,0.6342614
4433,SB-006,0,none,0.4141398
4434,SB-015,0,none,0.6526042
4435,SB-002,0,none,0.6727575
4436,SB-007,0,none,0.52323097
4437,SB-012,0,none,0.58475363
4438,SB-005,0,none,0.44004375
4439,SB-013,0,none,0.44992575
4440,SB-006,0,none,0.6719711
4441,SB-008,0,none,0.69422483
4442,SB-003,0,none,0.6136101
4443,SB-008,0,none,0.63770664
4444,SB-013,0,none,0.452088
4445,SB-014,0,none,0.47435474
4446,SB-006,0,none,0.5215684
4447,SB-015,0,none,0.5955016
4448,SB-002,0,none,0.6998149
4449,SB-020,0,none,0.4340302
4450,SB-019,0,none,0.6539595
4451,SB-010,0,none,0.58390015
4452,SB-001,0,none,0.88766843
4453,SB-004,0,none,0.59052986
4454,SB-008,0,none,0.7643559
4455,SB-003,0,none,0.46951798
4456,SB-017,0,none,0.45750427
4457,SB-011,0,none,0.80475557
4458,SB-009,0,none,0.4030605
4459,SB-004,0,none,0.51955235
4460,SB-019,0,none,0.63787514
4461,SB-020,0,none,0.8349176
4462,SB-005,0,none,0.6600499
4463,SB-020,0,none,0.40805197
4464,SB-015,0,none,0.47857454
4465,SB-007,0,none,0.7099227
4466,SB-011,0,none,0.7765199
4467,SB-013,0,none,0.66911924
4468,SB-018,0,none,0.72987515
4469,SB-020,0,none,0.48491237
4470,SB-007,0,none,0.43896192
4471,SB-001,0,none,0.6487304
4472,SB-003,0,none,0.5910271
4473,SB-009,0,none,0.32422453
4474,SB-003,0,none,0.70515674
4475,SB-014,0,none,0.5896192
4476,SB-018,0,none,0.7002286
4477,SB-013,0,none,0.41728377
4478,SB-008,0,none,0.6170093
4479,SB-007,0,none,0.79124486
4480,SB-020,0,none,0.5558658
4481,SB-013,0,none,0.661473
4482,SB-015,0,none,0.6578143
4483,SB-019,0,none,0.4635043
4484,SB-015,0,none,0.49773395
4485,SB-005,0,none,0.6143919
4486,SB-020,0,none,0.54163814
4487,SB-018,0,none,0.52588534
4488,SB-015,0,none,0.5015243
4489,SB-012,0,none,0.69058216
4490,SB-018,0,none,0.5146354
4491,SB-014,0,none,0.7216153
4492,SB-002,0,none,0.6643671
4493,SB-018,0,none,0.7033453
4494,SB-017,0,none,0.59571165
4495,SB-007,0,none,0.5559021
4496,SB-016,0,none,0.4531003
4497,SB-004,0,none,0.4048077
4498,SB-003,0,none,0.5941991
4499,SB-006,0,none,0.6587109
4500,SB-019,0,none,0.4790908
4501,SB-019,0,none,0.79413235
4502,SB-013,0,none,0.63224596
4503,SB-012,0,none,0.5172103
4504,SB-003,0,none,0.42698795
4505,SB-016,0,none,0.4501141
4506,SB-006,0,none,0.5936775
4507,SB-004,0,none,0.5304958
4508,SB-017,0,none,0.40340126
4509,SB-013,0,none,0.44292825
4510,SB-007,0,none,0.49283564
4511,SB-003,0,none,0.53262115
4512,SB-016,0,none,0.46862274
4513,SB-010,0,none,0.4502768
4514,SB-001,0,none,0.4453689
4515,SB-001,0,none,0.54673916
4516,SB-007,0,none,0.5264863
4517,SB-003,0,none,0.5404969
4518,SB-014,0,none,0.67584616
4519,SB-019,0,none,0.59777623
4520,SB-014,0,none,0.45668966
4521,SB-006,0,none,0.8385837
4522,SB-016,0,none,0.8456301
4523,SB-010,0,none,0.59359354
4524,SB-013,0,none,0.54773414
4525,SB-002,0,none,0.40407014
4526,SB-006,0,none,0.649603
4527,SB-017,0,none,1.051985
4528,SB-009,0,none,0.4620826
4529,SB-014,0,none,0.5296174
4530,SB-010,0,none,0.54034454
4531,SB-010,0,none,0.4647399
4532,SB-003,0,none,0.497053
4533,SB-003,0,none,0.7724746
4534,SB-020,0,none,0.46486664
4535,SB-001,0,none,0.7847921
4536,SB-006,0,none,0.37536672
4537,SB-015,0,none,0.63386124
4538,SB-005,0,none,0.5716214
4539,SB-020,0,none,0.4023095
4540,SB-018,0,none,0.3522224
4541,SB-013,0,none,0.6008948
4542,SB-002,0,none,0.46087754
4543,SB-001,0,none,0.6050433
4544,SB-004,0,none,0.5433978
4545,SB-011,0,none,0.53726786
4546,SB-013,0,none,0.5587473
4547,SB-012,0,none,0.6443602
4548,SB-002,0,none,0.34908715
4549,SB-009,0,none,0.7190738
4550,SB-019,0,none,0.48024502
4551,SB-011,0,none,0.5813543
4552,SB-012,0,none,0.49989143
4553,SB-006,0,none,0.5710186
4554,SB-002,0,none,0.68328357
4555,SB-006,0,none,0.43813688
4556,SB-017,0,none,0.6037874
4557,SB-018,0,none,0.59423965
4558,SB-013,0,none,0.6511623
4559,SB-003,0,none,0.5930836
4560,SB-008,0,none,0.46144655
4561,SB-020,0,none,0.6959337
4562,SB-001,0,none,0.39633343
4563,SB-009,0,none,0.6071663
4564,SB-019,0,none,0.64047
4565,SB-008,0,none,0.75287145
4566,SB-013,0,none,0.5089626
4567,SB-010,0,none,0.57520807
4568,SB-001,0,none,0.7589299
4569,SB-010,0,none,0.701504
4570,SB-020,0,none,0.6081368
4571,SB-003,0,none,0.6307029
4572,SB-003,0,none,0.3823097
4573,SB-017,0,none,0.37331605
4574,SB-018,0,none,0.7346337
4575,SB-010,0,none,0.4456503
4576,SB-007,0,none,0.7758356
4577,SB-008,0,none,0.70812696
4578,SB-019,0,none,0.45091388
4579,SB-004,0,none,0.5890304
4580,SB-012,0,none,0.4604531
4581,SB-001,0,none,0.7059439
4582,SB-008,0,none,0.5200546
4583,SB-002,0,none,0.5926612
4584,SB-001,0,none,0.45256764
4585,SB-011,0,none,0.8105274
4586,SB-008,0,none,0.7123653
4587,SB-020,0,none,1.0004715
4588,SB-020,0,none,0.53445387
4589,SB-001,0,none,0.29694885
4590,SB-004,0,none,0.7105223
4591,SB-013,0,none,0.6035033
4592,SB-017,0,none,0.52479506
4593,SB-001,0,none,0.37575784
4594,SB-001,0,none,0.45253152
4595,SB-004,0,none,0.48047125
4596,SB-003,0,none,0.5058315
4597,SB-015,0,none,0.57395834
4598,SB-016,0,none,0.73786086
4599,SB-018,0,none,0.592715
4600,SB-018,0,none,0.35660428
4601,SB-019,0,none,0.77059484
4602,SB-012,0,none,0.5545555
4603,SB-007,0,none,0.48310506
4604,SB-006,0,none,0.4518697
4605,SB-002,0,none,0.8364068
4606,SB-017,0,none,0.5922776
4607,SB-011,0,none,0.63919026
4608,SB-004,0,none,0.4718925
4609,SB-009,0,none,0.49653757
4610,SB-018,0,none,0.50286275
4611,SB-011,0,none,0.7341787
4612,SB-019,0,none,0.4401785
4613,SB-002,0,none,0.73176646
4614,SB-012,0,none,0.4507644
4615,SB-020,0,none,0.5970281
4616,SB-012,0,none,0.58262837
4617,SB-006,0,none,0.6550384
4618,SB-003,0,none,0.45313466
4619,SB-006,0,none,0.5878641
4620,SB-013,0,none,0.38502824
4621,SB-008,0,none,0.415301
4622,SB-010,0,none,0.6973079
4623,SB-009,0,none,0.52128863
4624,SB-015,0,none,0.37547046
4625,SB-010,0,none,0.36098108
4626,SB-010,0,none,0.3599112
4627,SB-009,0,none,0.62161034
4628,SB-013,0,none,0.5014243
4629,SB-014,0,none,0.55659395
4630,SB-003,0,none,0.5602462
4631,SB-013,0,none,0.5819246
4632,SB-002,0,none,0.5064574
4633,SB-008,0,none,0.4693673
4634,SB-005,0,none,0.5795384
4635,SB-001,0,none,0.5651024
4636,SB-002,0,none,0.7149751
4637,SB-014,0,none,0.5606356
4638,SB-017,0,none,0.45597
4639,SB-015,0,none,0.55699414
4640,SB-007,0,none,0.45118287
4641,SB-008,0,none,0.51623243
4642,SB-014,0,none,0.5016938
4643,SB-020,0,none,0.6672568
4644,SB-017,0,none,0.4163088
4645,SB-017,0,none,0.52228796
4646,SB-013,0,none,0.53900576
4647,SB-008,0,none,0.6437514
4648,SB-013,0,none,0.38254693
4649,SB-009,0,none,0.33472717
4650,SB-014,0,none,0.50775254
4651,SB-011,0,none,0.75030804
4652,SB-020,0,none,0.40177098
4653,SB-013,0,none,0.6013931
4654,SB-010,0,none,0.6610874
4655,SB-001,0,none,0.63232297
4656,SB-004,0,none,0.6600173
4657,SB-014,0,none,0.86613965
4658,SB-015,0,none,0.5341595
4659,SB-011,0,none,0.821247
4660,SB-013,0,none,0.4762007
4661,SB-002,0,none,0.47804195
4662,SB-002,0,none,0.6743239
4663,SB-016,0,none,0.3833025
4664,SB-001,0,none,0.5297106
4665,SB-006,0,none,0.59474236
4666,SB-013,0,none,0.5594427
4667,SB-012,0,none,0.63679546
4668,SB-017,0,none,0.5778115
4669,SB-014,0,none,0.44113892
4670,SB-013,0,none,0.3046273
4671,SB-009,0,none,0.51223934
4672,SB-009,0,none,0.7029753
4673,SB-007,0,none,0.5945878
4674,SB-020,0,none,0.715854
4675,SB-019,0,none,0.77366227
4676,SB-012,0,none,0.7523362
4677,SB-009,0,none,0.50329834
4678,SB-013,0,none,0.4082798
4679,SB-003,0,none,0.74674016
4680,SB-005,0,none,0.491197
4681,SB-017,0,none,0.42080337
4682,SB-001,0,none,0.5011487
4683,SB-010,0,none,0.5331835
4684,SB-014,0,none,0.55222285
4685,SB-006,0,none,0.35308868
4686,SB-006,0,none,0.60584635
4687,SB-004,0,none,0.6071623
4688,SB-019,0,none,0.6030931
4689,SB-019,0,none,0.51906776
4690,SB-013,0,none,0.3648528
4691,SB-020,0,none,0.45173723
4692,SB-015,0,none,0.604553
4693,SB-007,0,none,0.70782447
4694,SB-001,0,none,0.7429019
4695,SB-005,0,none,0.5155177
4696,SB-008,0,none,0.435006
4697,SB-002,0,none,0.4924009
4698,SB-020,0,none,0.39668185
4699,SB-005,0,none,0.50945276
4700,SB-018,0,none,0.5767934
4701,SB-003,0,none,0.5720092
4702,SB-014,0,none,0.54656714
4703,SB-007,0,none,0.46750796
4704,SB-017,0,none,0.77728873
4705,SB-019,0,none,0.5178392
4706,SB-006,0,none,0.44348368
4707,SB-011,0,none,0.7380519
4708,SB-018,0,none,0.40542898
4709,SB-018,0,none,0.46291938
4710,SB-004,0,none,0.54141694
4711,SB-004,0,none,0.39644045
4712,SB-018,0,none,0.6407543
4713,SB-006,0,none,0.45282227
4714,SB-001,0,none,0.64486176
4715,SB-013,0,none,0.46075845
4716,SB-013,0,none,0.4447298
4717,SB-001,0,none,0.7211962
4718,SB-013,0,none,0.76739854
4719,SB-016,0,none,0.34953088
4720,SB-002,0,none,0.37938908
4721,SB-011,0,none,0.68199676
4722,SB-017,0,none,0.31990215
4723,SB-003,0,none,0.5652637
4724,SB-003,0,none,0.5275545
4725,SB-020,0,none,0.43073258
4726,SB-013,0,none,0.47399992
4727,SB-010,0,none,0.5928836
4728,SB-008,0,none,0.6293891
4729,SB-007,0,none,0.51940936
4730,SB-007,0,none,0.58620685
4731,SB-003,0,none,0.6394319
4732,SB-012,0,none,0.42953908
4733,SB-014,0,none,0.5126546
4734,SB-003,0,none,0.53180957
4735,SB-018,0,none,0.4657367
4736,SB-013,0,none,0.5492807
4737,SB-015,0,none,0.6664377
4738,SB-020,0,none,0.5928332
4739,SB-020,0,none,0.53607345
4740,SB-004,0,none,0.71658874
4741,SB-016,0,none,0.35418862
4742,SB-011,0,none,0.26473102
4743,SB-004,0,none,0.60156626
4744,SB-011,0,none,0.38889155
4745,SB-004,0,none,0.74382365
4746,SB-014,0,none,0.59573954
4747,SB-016,0,none,0.31625867
4748,SB-012,0,none,0.5558692
4749,SB-005,0,none,0.4674758
4750,SB-008,0,none,0.77784956
4751,SB-019,0,none,0.7818378
4752,SB-015,0,none,0.5016194
4753,SB-013,0,none,0.6110263
4754,SB-010,0,none,0.5454213
4755,SB-020,0,none,0.3986881
4756,SB-020,0,none,0.5569341
4757,SB-016,0,none,0.52680343
4758,SB-018,0,none,0.5378807
4759,SB-012,0,none,0.4232292
4760,SB-019,0,none,0.59197444
4761,SB-011,0,none,0.5190893
4762,SB-018,0,none,0.5418466
4763,SB-020,0,none,0.79262555
4764,SB-018,0,none,0.43853185
4765,SB-004,0,none,0.42983863
4766,SB-010,0,none,0.47035328
4767,SB-009,0,none,0.5829749
4768,SB-013,0,none,0.44678757
4769,SB-009,0,none,0.6142791
4770,SB-001,0,none,0.7031454
4771,SB-002,0,none,0.50649554
4772,SB-017,0,none,0.6190802
4773,SB-001,0,none,0.47729775
4774,SB-013,0,none,0.49381325
4775,SB-001,0,none,0.64850223
4776,SB-010,0,none,0.6920315
4777,SB-003,0,none,0.54744256
4778,SB-018,0,none,0.621072
4779,SB-010,0,none,0.6062047
4780,SB-012,0,none,0.7593717
4781,SB-004,0,none,0.49177954
4782,SB-020,0,none,0.6021926
4783,SB-017,0,none,0.57197034
4784,SB-010,0,none,0.5704999
4785,SB-017,0,none,0.6088567
4786,SB-011,0,none,0.5643027
4787,SB-008,0,none,0.54462653
4788,SB-009,0,none,0.65645367
4789,SB-005,0,none,0.46948573
4790,SB-020,0,none,0.30598605
4791,SB-007,0,none,0.58337516
4792,SB-012,0,none,0.41651645
4793,SB-016,0,none,0.587072
4794,SB-013,0,none,0.47715187
4795,SB-002,0,none,0.6626674
4796,SB-014,0,none,0.50986296
4797,SB-018,0,none,0.5804861
4798,SB-012,0,none,0.6666829
4799,SB-013,0,none,0.5229988
4800,SB-017,0,none,0.56371826
4801,SB-014,0,none,0.3913631
4802,SB-019,0,none,0.54149896
4803,SB-020,0,none,0.56032485
4804,SB-012,0,none,0.55941105
4805,SB-012,0,none,0.96892697
4806,SB-007,0,none,0.75227505
4807,SB-003,0,none,0.5403685
4808,SB-001,0,none,0.44073978
4809,SB-003,0,none,0.5780586
4810,SB-011,0,none,0.546557
4811,SB-018,0,none,0.36937383
4812,SB-006,0,none,0.5337137
4813,SB-018,0,none,0.5815761
4814,SB-016,0,none,0.5303557
4815,SB-010,0,none,0.5069562
4816,SB-019,0,none,0.5026218
4817,SB-007,0,none,0.37580553
4818,SB-017,0,none,0.6370639
4819,SB-018,0,none,0.60333675
4820,SB-003,0,none,0.50504136
4821,SB-008,0,none,0.7523825
4822,SB-013,0,none,0.45900318
4823,SB-006,0,none,0.49174145
4824,SB-001,0,none,0.5250159
4825,SB-003,0,none,0.59835905
4826,SB-011,0,none,0.55305296
4827,SB-018,0,none,0.4982955
4828,SB-013,0,none,0.79972625
4829,SB-015,0,none,0.6630041
4830,SB-006,0,none,0.56375253
4831,SB-011,0,none,0.7885472
4832,SB-007,0,none,0.3712472
4833,SB-020,0,none,0.57930356
4834,SB-008,0,none,0.6657274
4835,SB-012,0,none,0.713864
4836,SB-008,0,none,0.8201411
4837,SB-011,0,none,0.5930645
4838,SB-004,0,none,0.49341014
4839,SB-012,0,none,0.403429
4840,SB-002,0,none,0.47508943
4841,SB-009,0,none,0.54803485
4842,SB-009,0,none,0.35729298
4843,SB-013,0,none,0.7216322
4844,SB-018,0,none,0.6646394
4845,SB-017,0,none,0.60455304
4846,SB-016,0,none,0.60013884
4847,SB-010,0,none,0.5016167
4848,SB-015,0,none,0.5475528
4849,SB-002,0,none,0.6411744
4850,SB-014,0,none,0.51646805
4851,SB-012,0,none,0.30303726
4852,SB-018,0,none,0.65158993
4853,SB-013,0,none,0.78219324
4854,SB-017,0,none,0.35823125
4855,SB-015,0,none,0.3652857
4856,SB-011,0,none,0.69368345
4857,SB-020,0,none,0.7243584
4858,SB-003,0,none,0.4553275
4859,SB-012,0,none,0.5474939
4860,SB-019,0,none,0.35951564
4861,SB-006,0,none,0.53676677
4862,SB-016,0,none,0.6195238
4863,SB-013,0,none,0.5058506
4864,SB-003,0,none,0.5894683
4865,SB-001,0,none,0.4466475
4866,SB-003,0,none,0.5596787
4867,SB-013,0,none,0.69112766
4868,SB-003,0,none,0.6233537
4869,SB-009,0,none,0.45337373
4870,SB-015,0,none,0.5744766
4871,SB-016,0,none,0.6494553
4872,SB-008,0,none,0.40214413
4873,SB-010,0,none,0.25177416
4874,SB-017,0,none,0.538777
4875,SB-004,0,none,0.47816983
4876,SB-001,0,none,0.4980539
4877,SB-015,0,none,0.4251636
4878,SB-015,0,none,0.5122634
4879,SB-018,0,none,0.42577896
4880,SB-002,0,none,0.640091
4881,SB-019,0,none,0.63265604
4882,SB-013,0,none,0.67381716
4883,SB-005,0,none,0.45767075
4884,SB-010,0,none,0.5688903
4885,SB-005,0,none,0.53795844
4886,SB-005,0,none,0.70997614
4887,SB-020,0,none,0.5299979
4888,SB-013,0,none,0.6536152
4889,SB-012,0,none,0.5275331
4890,SB-011,0,none,0.58333695
4891,SB-001,0,none,0.42553145
4892,SB-020,0,none,0.6606633
4893,SB-017,0,none,0.47897086
4894,SB-004,0,none,0.49587438
4895,SB-005,0,none,0.46290994
4896,SB-014,0,none,0.65569586
4897,SB-006,0,none,0.74794865
4898,SB-011,0,none,0.5835569
4899,SB-014,0,none,0.74644756
4900,SB-009,0,none,0.3951263
4901,SB-019,0,none,0.6201521
4902,SB-007,0,none,0.44611418
4903,SB-009,0,none,0.60917455
4904,SB-008,0,none,0.5303206
4905,SB-013,0,none,0.4794262
4906,SB-020,0,none,0.6530988
4907,SB-004,0,none,0.45409283
4908,SB-012,0,none,0.44067976
4909,SB-019,0,none,0.55987483
4910,SB-014,0,none,0.55813706
4911,SB-005,0,none,0.28158486
4912,SB-010,0,none,0.7719882
4913,SB-016,0,none,0.5922964
4914,SB-012,0,none,0.41565987
4915,SB-014,0,none,0.48425016
4916,SB-011,0,none,0.5918859
4917,SB-001,0,none,0.7988579
4918,SB-006,0,none,0.60811424
4919,SB-002,0,none,0.47846502
4920,SB-014,0,none,0.6163
4921,SB-003,0,none,0.72035795
4922,SB-005,0,none,0.6861465
4923,SB-007,0,none,0.42311445
4924,SB-012,0,none,0.52915007
4925,SB-009,0,none,0.6939766
4926,SB-017,0,none,0.6269546
4927,SB-009,0,none,0.34164393
4928,SB-014,0,none,0.684972
4929,SB-016,0,none,0.6389803
4930,SB-006,0,none,0.60417813
4931,SB-005,0,none,0.6637915
4932,SB-003,0,none,0.54849976
4933,SB-014,0,none,0.45576847
4934,SB-011,0,none,0.65027815
4935,SB-014,0,none,0.6428259
4936,SB-016,0,none,0.52749735
4937,SB-003,0,none,0.4190466
4938,SB-015,0,none,0.40678626
4939,SB-010,0,none,0.5799665
4940,SB-013,0,none,0.4243397
4941,SB-003,0,none,0.48304388
4942,SB-014,0,none,0.43603247
4943,SB-020,0,none,0.5234298
4944,SB-011,0,none,0.5530013
4945,SB-001,0,none,0.44142076
4946,SB-014,0,none,0.46366078
4947,SB-020,0,none,0.46528324
4948,SB-003,0,none,0.8123697
4949,SB-013,0,none,0.8319467
4950,SB-019,0,none,0.28989935
4951,SB-001,0,none,0.71136415
4952,SB-015,0,none,0.66638356
4953,SB-010,0,none,0.6403941
4954,SB-011,0,none,0.56600124
4955,SB-018,0,none,0.45761254
4956,SB-015,0,none,0.5604298
4957,SB-001,0,none,0.5824088
4958,SB-009,0,none,0.35443267
4959,SB-001,0,none,0.32265687
4960,SB-007,0,none,0.7295081
4961,SB-020,0,none,0.625349
4962,SB-002,0,none,0.5731516
4963,SB-019,0,none,0.5832564
4964,SB-009,0,none,0.41910806
4965,SB-006,0,none,0.56873846
4966,SB-009,0,none,0.45063117
4967,SB-009,0,none,0.40774134
4968,SB-006,0,none,0.59497935
4969,SB-011,0,none,0.51640695
4970,SB-010,0,none,0.40012068
4971,SB-016,0,none,0.3892879
4972,SB-007,0,none,0.5151595
4973,SB-010,0,none,0.6189046
4974,SB-003,0,none,0.51232696
4975,SB-010,0,none,0.52230096
4976,SB-013,0,none,0.42746875
4977,SB-016,0,none,0.5294216
4978,SB-013,0,none,0.5288353
4979,SB-019,0,none,0.7148638
4980,SB-005,0,none,0.5455872
4981,SB-017,0,none,0.6501233
4982,SB-014,0,none,0.26217714
4983,SB-001,0,none,0.51626986
4984,SB-014,0,none,0.95725507
4985,SB-016,0,none,0.6379274
4986,SB-020,0,none,0.4554389
4987,SB-012,0,none,0.5040048
4988,SB-004,0,none,0.62001383
4989,SB-007,0,none,0.8535593
4990,SB-011,0,none,0.69909656
4991,SB-012,0,none,0.49266508
4992,SB-009,0,none,0.5953956
4993,SB-014,0,none,0.4653157
4994,SB-020,0,none,0.46470094
4995,SB-017,0,none,0.6309558
4996,SB-002,0,none,0.5030374
4997,SB-001,0,none,0.37637585
4998,SB-001,0,none,0.5607977
4999,SB-008,0,none,0.42153665
